Workbook
Name _Toc112498976: Data!$B$32
Name _Toc112498999: Data!$B$57
Name _Toc112499002: Data!$B$59
Name _Toc112499015: Data!#REF!
Name _Toc121086323: Data!$B$61
Name a: 'G1.5P'!#REF!
Name a: G1R!#REF!

Sheet G1R
A2: Gate 1 Technical Report Rubric
A3: Category | B3: Report Sec.# | C3: Title | D3: Requirements (Additional information provided in Guidelines_Report.doc) | E3: Meets Expectations (12) | F3: (11) | G3: (10) | H3: (9) | I3: (8) | J3: (7) | K3: (6) | L3: (5) | M3: (4) | N3: (3) | O3: (2) | P3: (1) | Q3: No Evidence (0) | R3: Score (0-12) | S3: Avg. Score | T3: Comments
A4: Front Matter | B4: =Data!A5 -> i | C4: =Data!B5 -> Cover Page and Table of Contents | D4: =Data!C5 -> Professional representation of the project. Gate Report sections listed (e.g., body, references, and appendices) with correct page numbers. Updated and/or impacted sections highlighted in red. | E4: x | R4: =IF(E4="x",12,IF(F4="x",11,IF(G4="x",10,IF(H4="x",9,IF(I4="x",8,IF(J4="x",7,IF(K4="x",6,IF(L4="x",5,IF(M4="x",4,IF(N4="x",3,IF(O4="x",2,IF(P4="x",1,IF(Q4="x",0,""))))))))))))) -> 12 | S4: =AVERAGE(R4:R5) -> 12
B5: =Data!A6 -> ii | C5: =Data!B6 -> Executive Summary | D5: =Data!C6 -> Concise summary of the current accomplishments and the future expectations for the next Gate Report. Updated at every Gate Report. | E5: x | R5: =IF(E5="x",12,IF(F5="x",11,IF(G5="x",10,IF(H5="x",9,IF(I5="x",8,IF(J5="x",7,IF(K5="x",6,IF(L5="x",5,IF(M5="x",4,IF(N5="x",3,IF(O5="x",2,IF(P5="x",1,IF(Q5="x",0,""))))))))))))) -> 12
A6: Project Definition | B6: =Data!A23 -> 1.1 | C6: =Data!B23 -> Problem Description | D6: =Data!C23 -> Includes context to the problem, reason for the problem, need for this project, defines who is impacted by the problem (customer / market) and how. | E6: x | R6: =IF(E6="x",12,IF(F6="x",11,IF(G6="x",10,IF(H6="x",9,IF(I6="x",8,IF(J6="x",7,IF(K6="x",6,IF(L6="x",5,IF(M6="x",4,IF(N6="x",3,IF(O6="x",2,IF(P6="x",1,IF(Q6="x",0,""))))))))))))) -> 12 | S6: =AVERAGE(R6:R9) -> 12
B7: =Data!A24 -> 1.2 | C7: =Data!B24 -> Problem Statement | D7: =Data!C24 -> Describes the problem in technical detail and Quantifies the impact on the customer/market. Introduce critical performance metrics. Defines the end-user population (e.g., person, environment, or organization). | E7: x | R7: =IF(E7="x",12,IF(F7="x",11,IF(G7="x",10,IF(H7="x",9,IF(I7="x",8,IF(J7="x",7,IF(K7="x",6,IF(L7="x",5,IF(M7="x",4,IF(N7="x",3,IF(O7="x",2,IF(P7="x",1,IF(Q7="x",0,""))))))))))))) -> 12
B8: =Data!A25 -> 1.3 | C8: =Data!B25 -> Scope of Work | D8: =Data!C25 -> Describes the approach to solve this problem, the projected timeline plan, and the assumptions, limitations, and constraints of the project. Describes the services and/or materials to be obtained from the client. | E8: x | R8: =IF(E8="x",12,IF(F8="x",11,IF(G8="x",10,IF(H8="x",9,IF(I8="x",8,IF(J8="x",7,IF(K8="x",6,IF(L8="x",5,IF(M8="x",4,IF(N8="x",3,IF(O8="x",2,IF(P8="x",1,IF(Q8="x",0,""))))))))))))) -> 12
B9: =Data!A26 -> 1.4 | C9: =Data!B26 -> Deliverables | D9: =Data!C26 -> Defines the final product to be delivered at the end of the project. Defines milestones that progress toward the completion of the final product. Deliverables include a completed prototype, all spare parts, design and technical documentation, and test results. The information is specific to the project, and not described as general project deliverables. | E9: x | R9: =IF(E9="x",12,IF(F9="x",11,IF(G9="x",10,IF(H9="x",9,IF(I9="x",8,IF(J9="x",7,IF(K9="x",6,IF(L9="x",5,IF(M9="x",4,IF(N9="x",3,IF(O9="x",2,IF(P9="x",1,IF(Q9="x",0,""))))))))))))) -> 12
A10: Project Research | B10: =Data!A28 -> 2.1 | C10: =Data!B28 -> Review of the Problem Area | D10: =Data!C28 -> Summarizes and synthesizes existing research to support the claims of the problem. Information gathered is technically sound and adequate, e.g., summarizes benchmarked prototypes, patents, research publications, etc. Properly cited work using IEEE style. Includes visual aids (e.g., figures, tables) and technical details to introduce the various claims and approaches published in literature. | E10: x | R10: =IF(E10="x",12,IF(F10="x",11,IF(G10="x",10,IF(H10="x",9,IF(I10="x",8,IF(J10="x",7,IF(K10="x",6,IF(L10="x",5,IF(M10="x",4,IF(N10="x",3,IF(O10="x",2,IF(P10="x",1,IF(Q10="x",0,""))))))))))))) -> 12 | S10: =AVERAGE(R10:R11) -> 12
B11: =Data!A29 -> 2.2 | C11: =Data!B29 -> Review of State-of-the-Art | D11: =Data!C29 -> Introduces relevant products and technologies that exist in research or the market. Introduces appropriate metrics to describe the State-of-Art performance. | E11: x | R11: =IF(E11="x",12,IF(F11="x",11,IF(G11="x",10,IF(H11="x",9,IF(I11="x",8,IF(J11="x",7,IF(K11="x",6,IF(L11="x",5,IF(M11="x",4,IF(N11="x",3,IF(O11="x",2,IF(P11="x",1,IF(Q11="x",0,""))))))))))))) -> 12
A12: Project Development | B12: =Data!A31 -> 3.1 | C12: =Data!B31 -> Requirements Matrix | D12: =Data!C31 -> Translates the client's needs into engineering statements using relevant metrics of performance (one, unambiguous and measurable value). Describes the relationships between these statements. Has received Client approval. | E12: x | R12: =IF(E12="x",12,IF(F12="x",11,IF(G12="x",10,IF(H12="x",9,IF(I12="x",8,IF(J12="x",7,IF(K12="x",6,IF(L12="x",5,IF(M12="x",4,IF(N12="x",3,IF(O12="x",2,IF(P12="x",1,IF(Q12="x",0,""))))))))))))) -> 12 | S12: =AVERAGE(R12:R13) -> 12
B13: =Data!A32 -> 3.2 | C13: =Data!B32 -> Exploratory Concepts | D13: =Data!C32 -> Presents (at least) three exploratory designs that can potentially meet the design requirements. Provides evidence to substantiate the validity of the designs. Points out the strengths and weaknesses of each design. Includes sketches and/or models to demonstrate the completeness of the exploratory designs. | E13: x | R13: =IF(E13="x",12,IF(F13="x",11,IF(G13="x",10,IF(H13="x",9,IF(I13="x",8,IF(J13="x",7,IF(K13="x",6,IF(L13="x",5,IF(M13="x",4,IF(N13="x",3,IF(O13="x",2,IF(P13="x",1,IF(Q13="x",0,""))))))))))))) -> 12
A14: Team Organization | B14: =Data!A35 -> 4.1 | C14: =Data!B35 -> Member Bios, Team Member Roles | D14: =Data!C35 -> Table includes students' image, name, degree(s), and assigned role(s). | E14: x | R14: =IF(E14="x",12,IF(F14="x",11,IF(G14="x",10,IF(H14="x",9,IF(I14="x",8,IF(J14="x",7,IF(K14="x",6,IF(L14="x",5,IF(M14="x",4,IF(N14="x",3,IF(O14="x",2,IF(P14="x",1,IF(Q14="x",0,""))))))))))))) -> 12 | S14: =AVERAGE(R14:R15) -> 12
B15: =Data!A36 -> 4.2 | C15: =Data!B36 -> Team Charter | D15: =Data!C36 -> Expectations listed for each team member, faculty mentor and customer mentor. | E15: x | R15: =IF(E15="x",12,IF(F15="x",11,IF(G15="x",10,IF(H15="x",9,IF(I15="x",8,IF(J15="x",7,IF(K15="x",6,IF(L15="x",5,IF(M15="x",4,IF(N15="x",3,IF(O15="x",2,IF(P15="x",1,IF(Q15="x",0,""))))))))))))) -> 12
A16: Project Management | B16: =Data!A65 -> 10.1 | C16: =Data!B65 -> Project Schedule | D16: =Data!C65 -> Task descriptions contain an acceptable level of detail. Task predecessor links properly used with no open-ended tasks. Task progress bar properly used to indicate % completion status of active tasks. All tasks set to Auto-Schedule mode. All Resource Names added. Milestones identified and properly linked. All task flow in a chronological order. | E16: x | R16: =IF(E16="x",12,IF(F16="x",11,IF(G16="x",10,IF(H16="x",9,IF(I16="x",8,IF(J16="x",7,IF(K16="x",6,IF(L16="x",5,IF(M16="x",4,IF(N16="x",3,IF(O16="x",2,IF(P16="x",1,IF(Q16="x",0,""))))))))))))) -> 12 | S16: =AVERAGE(R16:R18) -> 12
B17: =Data!A66 -> 10.2 | C17: =Data!B66 -> Gantt Charts & Critical Path | D17: =Data!C66&"1" -> Gantt Chart(s): Properly formatted to clearly define project status details and all information in the Gantt Charts is aligned with the Gate requirements. Task level information clearly indicates an appropriate level of detail. Chart types are properly created as defined in the Project Schedule Guidelines. Critical Path: MS Project able to calculate critical path based on existing tasks and predecessor structure. Clearly defined and shown using the Level 3 chart format. Gantt Charts content should be To gate 1 | E17: x | R17: =IF(E17="x",12,IF(F17="x",11,IF(G17="x",10,IF(H17="x",9,IF(I17="x",8,IF(J17="x",7,IF(K17="x",6,IF(L17="x",5,IF(M17="x",4,IF(N17="x",3,IF(O17="x",2,IF(P17="x",1,IF(Q17="x",0,""))))))))))))) -> 12
B18: =Data!A67 -> 10.3 | C18: =Data!B67 -> MS Teams File Documentation | D18: =Data!C67 -> Certification table filled in and signed by the responsible team member. | E18: x | R18: =IF(E18="x",12,IF(F18="x",11,IF(G18="x",10,IF(H18="x",9,IF(I18="x",8,IF(J18="x",7,IF(K18="x",6,IF(L18="x",5,IF(M18="x",4,IF(N18="x",3,IF(O18="x",2,IF(P18="x",1,IF(Q18="x",0,""))))))))))))) -> 12
A19: Report Quality | C19: =Data!B7 -> Formatting and References | D19: =Data!C7 -> Uses IEEE format to develop the Title Page, Table of Contents, Appendix, and Work Cited sections of this report. | E19: x | R19: =IF(E19="x",12,IF(F19="x",11,IF(G19="x",10,IF(H19="x",9,IF(I19="x",8,IF(J19="x",7,IF(K19="x",6,IF(L19="x",5,IF(M19="x",4,IF(N19="x",3,IF(O19="x",2,IF(P19="x",1,IF(Q19="x",0,""))))))))))))) -> 12 | S19: =AVERAGE(R19:R21) -> 12
C20: =Data!B8 -> Text | D20: =Data!C8 -> Free of spelling and grammatical errors, text flows with contiguous threads, consistent format, use of 3rd person perspective, non-repeating ideas or information. | E20: x | R20: =IF(E20="x",12,IF(F20="x",11,IF(G20="x",10,IF(H20="x",9,IF(I20="x",8,IF(J20="x",7,IF(K20="x",6,IF(L20="x",5,IF(M20="x",4,IF(N20="x",3,IF(O20="x",2,IF(P20="x",1,IF(Q20="x",0,""))))))))))))) -> 12
C21: =Data!B9 -> Visual Aids | D21: =Data!C9 -> Visual aids (all figures including hand sketches, photos, charts, etc. and tables) are clear and readable and of professional quality. Graphic aspects labeled and linked to text to transmit critical information, units/scaling clear. Proper IEEE style utilized. | E21: X | R21: =IF(E21="x",12,IF(F21="x",11,IF(G21="x",10,IF(H21="x",9,IF(I21="x",8,IF(J21="x",7,IF(K21="x",6,IF(L21="x",5,IF(M21="x",4,IF(N21="x",3,IF(O21="x",2,IF(P21="x",1,IF(Q21="x",0,""))))))))))))) -> 12
B22: =Data!A75 -> A1 | C22: =Data!B75 -> Communication Plan | D22: =Data!C75 -> Communication Plan template fully filled in. Communication channels appear appropriate for the current team progress and level of communication occurring. Clearly defined descriptions of all portions of the plan. | E22: X | R22: =IF(E22="x",12,IF(F22="x",11,IF(G22="x",10,IF(H22="x",9,IF(I22="x",8,IF(J22="x",7,IF(K22="x",6,IF(L22="x",5,IF(M22="x",4,IF(N22="x",3,IF(O22="x",2,IF(P22="x",1,IF(Q22="x",0,""))))))))))))) -> 12 | S22: =AVERAGE(R22:R23) -> 12
B23: =Data!A76 -> A2 | C23: =Data!B76 -> Team Member Bios | D23: =Data!C76 -> Describes each member's motivation to participate and succeed in this project. | E23: x | R23: =IF(E23="x",12,IF(F23="x",11,IF(G23="x",10,IF(H23="x",9,IF(I23="x",8,IF(J23="x",7,IF(K23="x",6,IF(L23="x",5,IF(M23="x",4,IF(N23="x",3,IF(O23="x",2,IF(P23="x",1,IF(Q23="x",0,""))))))))))))) -> 12
A24: Comments | R24: Total Points | S24: =SUM(S4:S23) -> 96
R25: Points Available | S25: 96
R26: Grade % | S26: =S24/S25 -> 1

Sheet G1.5P
A2: Gate 1.5 Project Status Report - Oral Presentation Rubric
A3: Category | B3: Report Sec. # | C3: Title | D3: Requirements | E3: Meets Expectations (12) | F3: (11) | G3: (10) | H3: (9) | I3: (8) | J3: (7) | K3: (6) | L3: (5) | M3: (4) | N3: (3) | O3: (2) | P3: (1) | Q3: No Evidence (0) | R3: Score (0-12) | S3: Avg. Score
A4: Overall Presentation | C4: =Data!B10 -> Introduction | D4: =Data!C10 -> Presentation Title (closely matches project name), Outline (follows Rubric), Team Members (photo, name, academic major, team role) Concise overview of project. | E4: x | R4: =IF(E4="x",12,IF(F4="x",11,IF(G4="x",10,IF(H4="x",9,IF(I4="x",8,IF(J4="x",7,IF(K4="x",6,IF(L4="x",5,IF(M4="x",4,IF(N4="x",3,IF(O4="x",2,IF(P4="x",1,IF(Q4="x",0,""))))))))))))) -> 12 | S4: =AVERAGE(R4:R7) -> 12
C5: =Data!B12 -> Audio / Visual Quality of Presentation | D5: =Data!C12 -> Figures and tables in engineering format, free of spelling and grammatical errors, data presented is well-organized and defined in tabular or graphical form. Annotations are used to describe key points of photos and graphics. All slides are labeled with page numbers and consistent formatting between slides. Audio quality good no background noise or distractions. | E5: x | R5: =IF(E5="x",12,IF(F5="x",11,IF(G5="x",10,IF(H5="x",9,IF(I5="x",8,IF(J5="x",7,IF(K5="x",6,IF(L5="x",5,IF(M5="x",4,IF(N5="x",3,IF(O5="x",2,IF(P5="x",1,IF(Q5="x",0,""))))))))))))) -> 12
C6: =Data!B13 -> References | D6: =Data!C13 -> References (in-text and bibliography) properly cited in IEEE style. Proper use of the Zotero citation management tool | E6: x | R6: =IF(E6="x",12,IF(F6="x",11,IF(G6="x",10,IF(H6="x",9,IF(I6="x",8,IF(J6="x",7,IF(K6="x",6,IF(L6="x",5,IF(M6="x",4,IF(N6="x",3,IF(O6="x",2,IF(P6="x",1,IF(Q6="x",0,""))))))))))))) -> 12
C7: =Data!B11 -> Oral Presentation Skill | D7: =Data!C11 -> Clear enunciation when discussing engineering design. All members are participating. Smooth transitions between topics and presenters. | E7: x | R7: =IF(E7="x",12,IF(F7="x",11,IF(G7="x",10,IF(H7="x",9,IF(I7="x",8,IF(J7="x",7,IF(K7="x",6,IF(L7="x",5,IF(M7="x",4,IF(N7="x",3,IF(O7="x",2,IF(P7="x",1,IF(Q7="x",0,""))))))))))))) -> 12
A8: Comments
A9: Project Definition | B9: =Data!A23 -> 1.1 | C9: =Data!B23 -> Problem Description | D9: =Data!C23 -> Includes context to the problem, reason for the problem, need for this project, defines who is impacted by the problem (customer / market) and how. | E9: x | R9: =IF(E9="x",12,IF(F9="x",11,IF(G9="x",10,IF(H9="x",9,IF(I9="x",8,IF(J9="x",7,IF(K9="x",6,IF(L9="x",5,IF(M9="x",4,IF(N9="x",3,IF(O9="x",2,IF(P9="x",1,IF(Q9="x",0,""))))))))))))) -> 12 | S9: =AVERAGE(R9:R12) -> 12
B10: =Data!A24 -> 1.2 | C10: =Data!B24 -> Problem Statement | D10: =Data!C24 -> Describes the problem in technical detail and Quantifies the impact on the customer/market. Introduce critical performance metrics. Defines the end-user population (e.g., person, environment, or organization). | E10: x | R10: =IF(E10="x",12,IF(F10="x",11,IF(G10="x",10,IF(H10="x",9,IF(I10="x",8,IF(J10="x",7,IF(K10="x",6,IF(L10="x",5,IF(M10="x",4,IF(N10="x",3,IF(O10="x",2,IF(P10="x",1,IF(Q10="x",0,""))))))))))))) -> 12
B11: =Data!A25 -> 1.3 | C11: =Data!B25 -> Scope of Work | D11: =Data!C25 -> Describes the approach to solve this problem, the projected timeline plan, and the assumptions, limitations, and constraints of the project. Describes the services and/or materials to be obtained from the client. | E11: x | R11: =IF(E11="x",12,IF(F11="x",11,IF(G11="x",10,IF(H11="x",9,IF(I11="x",8,IF(J11="x",7,IF(K11="x",6,IF(L11="x",5,IF(M11="x",4,IF(N11="x",3,IF(O11="x",2,IF(P11="x",1,IF(Q11="x",0,""))))))))))))) -> 12
B12: =Data!A26 -> 1.4 | C12: =Data!B26 -> Deliverables | D12: =Data!C26 -> Defines the final product to be delivered at the end of the project. Defines milestones that progress toward the completion of the final product. Deliverables include a completed prototype, all spare parts, design and technical documentation, and test results. The information is specific to the project, and not described as general project deliverables. | E12: x | R12: =IF(E12="x",12,IF(F12="x",11,IF(G12="x",10,IF(H12="x",9,IF(I12="x",8,IF(J12="x",7,IF(K12="x",6,IF(L12="x",5,IF(M12="x",4,IF(N12="x",3,IF(O12="x",2,IF(P12="x",1,IF(Q12="x",0,""))))))))))))) -> 12
A13: Comments
A14: Project Research | B14: =Data!A28 -> 2.1 | C14: =Data!B28 -> Review of the Problem Area | D14: =Data!C28 -> Summarizes and synthesizes existing research to support the claims of the problem. Information gathered is technically sound and adequate, e.g., summarizes benchmarked prototypes, patents, research publications, etc. Properly cited work using IEEE style. Includes visual aids (e.g., figures, tables) and technical details to introduce the various claims and approaches published in literature. | E14: x | R14: =IF(E14="x",12,IF(F14="x",11,IF(G14="x",10,IF(H14="x",9,IF(I14="x",8,IF(J14="x",7,IF(K14="x",6,IF(L14="x",5,IF(M14="x",4,IF(N14="x",3,IF(O14="x",2,IF(P14="x",1,IF(Q14="x",0,""))))))))))))) -> 12 | S14: =AVERAGE(R14:R15) -> 12
B15: =Data!A29 -> 2.2 | C15: =Data!B29 -> Review of State-of-the-Art | D15: =Data!C29 -> Introduces relevant products and technologies that exist in research or the market. Introduces appropriate metrics to describe the State-of-Art performance. | E15: x | R15: =IF(E15="x",12,IF(F15="x",11,IF(G15="x",10,IF(H15="x",9,IF(I15="x",8,IF(J15="x",7,IF(K15="x",6,IF(L15="x",5,IF(M15="x",4,IF(N15="x",3,IF(O15="x",2,IF(P15="x",1,IF(Q15="x",0,""))))))))))))) -> 12
A16: Comments
A17: Project Development | B17: =Data!A31 -> 3.1 | C17: =Data!B31 -> Requirements Matrix | D17: =Data!C31 -> Translates the client's needs into engineering statements using relevant metrics of performance (one, unambiguous and measurable value). Describes the relationships between these statements. Has received Client approval. | E17: x | R17: =IF(E17="x",12,IF(F17="x",11,IF(G17="x",10,IF(H17="x",9,IF(I17="x",8,IF(J17="x",7,IF(K17="x",6,IF(L17="x",5,IF(M17="x",4,IF(N17="x",3,IF(O17="x",2,IF(P17="x",1,IF(Q17="x",0,""))))))))))))) -> 12 | S17: =AVERAGE(R17:R18) -> 12
B18: =Data!A32 -> 3.2 | C18: =Data!B32 -> Exploratory Concepts | D18: =Data!C32 -> Presents (at least) three exploratory designs that can potentially meet the design requirements. Provides evidence to substantiate the validity of the designs. Points out the strengths and weaknesses of each design. Includes sketches and/or models to demonstrate the completeness of the exploratory designs. | E18: x | R18: =IF(E18="x",12,IF(F18="x",11,IF(G18="x",10,IF(H18="x",9,IF(I18="x",8,IF(J18="x",7,IF(K18="x",6,IF(L18="x",5,IF(M18="x",4,IF(N18="x",3,IF(O18="x",2,IF(P18="x",1,IF(Q18="x",0,""))))))))))))) -> 12
A19: Comments
A20: Team Organization | B20: =Data!A35 -> 4.1 | C20: =Data!B35 -> Member Bios, Team Member Roles | D20: =Data!C35 -> Table includes students' image, name, degree(s), and assigned role(s). | E20: x | R20: =IF(E20="x",12,IF(F20="x",11,IF(G20="x",10,IF(H20="x",9,IF(I20="x",8,IF(J20="x",7,IF(K20="x",6,IF(L20="x",5,IF(M20="x",4,IF(N20="x",3,IF(O20="x",2,IF(P20="x",1,IF(Q20="x",0,""))))))))))))) -> 12 | S20: =AVERAGE(R20:R21) -> 12
B21: =Data!A36 -> 4.2 | C21: =Data!B36 -> Team Charter | D21: =Data!C36 -> Expectations listed for each team member, faculty mentor and customer mentor. | E21: x | R21: =IF(E21="x",12,IF(F21="x",11,IF(G21="x",10,IF(H21="x",9,IF(I21="x",8,IF(J21="x",7,IF(K21="x",6,IF(L21="x",5,IF(M21="x",4,IF(N21="x",3,IF(O21="x",2,IF(P21="x",1,IF(Q21="x",0,""))))))))))))) -> 12
A22: Comments
A23: Design Development | B23: =Data!A39 -> 5.2 | C23: =Data!B39 -> Conceptual Design | D23: =Data!C39 -> Presents (at least) three detailed conceptual designs that can meet the design requirements. Provides evidence to substantiate the validity of the designs. Points out strengths and weaknesses of each. Includes sketches and/or models to demonstrate the completeness of the designs. | E23: X | R23: =IF(E23="x",12,IF(F23="x",11,IF(G23="x",10,IF(H23="x",9,IF(I23="x",8,IF(J23="x",7,IF(K23="x",6,IF(L23="x",5,IF(M23="x",4,IF(N23="x",3,IF(O23="x",2,IF(P23="x",1,IF(Q23="x",0,""))))))))))))) -> 12 | S23: =R23 -> 12
B24: =Data!A40 -> 5.3 | C24: =Data!B40 -> Down Selection Process | D24: =Data!C40 -> Discusses the results of the Down Selection process, includes the criteria and weighting factors for each criterion. Defines the final selection and explains why. | E24: x | R24: =IF(E24="x",12,IF(F24="x",11,IF(G24="x",10,IF(H24="x",9,IF(I24="x",8,IF(J24="x",7,IF(K24="x",6,IF(L24="x",5,IF(M24="x",4,IF(N24="x",3,IF(O24="x",2,IF(P24="x",1,IF(Q24="x",0,""))))))))))))) -> 12 | S24: =AVERAGE(R24:R25) -> 12
B25: =Data!A44 -> 5.7 | C25: =Data!B44 -> Critical Issues & Risk Mitigation | D25: =Data!C44 -> Explains critical issues that have arisen. Translates critical issues into sequential action items. Explains the affect(s) on the critical path and schedule. | E25: x | R25: =IF(E25="x",12,IF(F25="x",11,IF(G25="x",10,IF(H25="x",9,IF(I25="x",8,IF(J25="x",7,IF(K25="x",6,IF(L25="x",5,IF(M25="x",4,IF(N25="x",3,IF(O25="x",2,IF(P25="x",1,IF(Q25="x",0,""))))))))))))) -> 12
A26: Comments
A27: Project Management | B27: =Data!A65 -> 10.1 | C27: =Data!B65 -> Project Schedule | D27: =Data!C65 -> Task descriptions contain an acceptable level of detail. Task predecessor links properly used with no open-ended tasks. Task progress bar properly used to indicate % completion status of active tasks. All tasks set to Auto-Schedule mode. All Resource Names added. Milestones identified and properly linked. All task flow in a chronological order. | E27: x | R27: =IF(E27="x",12,IF(F27="x",11,IF(G27="x",10,IF(H27="x",9,IF(I27="x",8,IF(J27="x",7,IF(K27="x",6,IF(L27="x",5,IF(M27="x",4,IF(N27="x",3,IF(O27="x",2,IF(P27="x",1,IF(Q27="x",0,""))))))))))))) -> 12 | S27: =AVERAGE(R27:R28) -> 12
B28: =Data!A66 -> 10.2 | C28: =Data!B66 -> Gantt Charts & Critical Path | D28: =Data!C66&" 1.5 & Gate 2 Tasks." -> Gantt Chart(s): Properly formatted to clearly define project status details and all information in the Gantt Charts is aligned with the Gate requirements. Task level information clearly indicates an appropriate level of detail. Chart types are properly created as defined in the Project Schedule Guidelines. Critical Path: MS Project able to calculate critical path based on existing tasks and predecessor structure. Clearly defined and shown using the Level 3 chart format. Gantt Charts content should be To gate 1.5 & Gate 2 Tasks. | E28: x | R28: =IF(E28="x",12,IF(F28="x",11,IF(G28="x",10,IF(H28="x",9,IF(I28="x",8,IF(J28="x",7,IF(K28="x",6,IF(L28="x",5,IF(M28="x",4,IF(N28="x",3,IF(O28="x",2,IF(P28="x",1,IF(Q28="x",0,""))))))))))))) -> 12
A29: Comments | R29: Total Points | S29: =SUM(S4:S28) -> 96
R30: Points Available | S30: 96
R31: Grade % | S31: =S29/S30 -> 1

Sheet G2R
A2: Gate 2 Technical Report Rubric
A3: Category | B3: Report Sec.# | C3: Title | D3: Requirements (Additional information provided in Guidelines_Report.doc) | E3: Meets Expectations (12) | F3: (11) | G3: (10) | H3: (9) | I3: (8) | J3: (7) | K3: (6) | L3: (5) | M3: (4) | N3: (3) | O3: (2) | P3: (1) | Q3: No Evidence (0) | R3: Score (0-12) | S3: Weight | T3: Avg. Score
A4: Updated Sections based on feedback from Previous Gate(s) | B4: =Data!A6 -> ii | C4: =Data!B6 -> Executive Summary | D4: Updated for Gate 2 and based upon feedback from previous Gate Report. | E4: x | R4: =IF(E4="x",12,IF(F4="x",11,IF(G4="x",10,IF(H4="x",9,IF(I4="x",8,IF(J4="x",7,IF(K4="x",6,IF(L4="x",5,IF(M4="x",4,IF(N4="x",3,IF(O4="x",2,IF(P4="x",1,IF(Q4="x",0,""))))))))))))) -> 12 | S4: 1 | T4: =AVERAGE(R4:R9)*S4 -> 12
B5: =Data!A25 -> 1.3 | C5: =Data!B25 -> Scope of Work | E5: x | R5: =IF(E5="x",12,IF(F5="x",11,IF(G5="x",10,IF(H5="x",9,IF(I5="x",8,IF(J5="x",7,IF(K5="x",6,IF(L5="x",5,IF(M5="x",4,IF(N5="x",3,IF(O5="x",2,IF(P5="x",1,IF(Q5="x",0,""))))))))))))) -> 12
B6: =Data!A26 -> 1.4 | C6: =Data!B26 -> Deliverables | E6: x | R6: =IF(E6="x",12,IF(F6="x",11,IF(G6="x",10,IF(H6="x",9,IF(I6="x",8,IF(J6="x",7,IF(K6="x",6,IF(L6="x",5,IF(M6="x",4,IF(N6="x",3,IF(O6="x",2,IF(P6="x",1,IF(Q6="x",0,""))))))))))))) -> 12
B7: =Data!A31 -> 3.1 | C7: =Data!B31 -> Requirements Matrix | E7: x | R7: =IF(E7="x",12,IF(F7="x",11,IF(G7="x",10,IF(H7="x",9,IF(I7="x",8,IF(J7="x",7,IF(K7="x",6,IF(L7="x",5,IF(M7="x",4,IF(N7="x",3,IF(O7="x",2,IF(P7="x",1,IF(Q7="x",0,""))))))))))))) -> 12
B8: =Data!A32 -> 3.2 | C8: =Data!B32 -> Exploratory Concepts | E8: x | R8: =IF(E8="x",12,IF(F8="x",11,IF(G8="x",10,IF(H8="x",9,IF(I8="x",8,IF(J8="x",7,IF(K8="x",6,IF(L8="x",5,IF(M8="x",4,IF(N8="x",3,IF(O8="x",2,IF(P8="x",1,IF(Q8="x",0,""))))))))))))) -> 12
B9: =Data!A67 -> 10.3 | C9: =Data!B67 -> MS Teams File Documentation | E9: x | R9: =IF(E9="x",12,IF(F9="x",11,IF(G9="x",10,IF(H9="x",9,IF(I9="x",8,IF(J9="x",7,IF(K9="x",6,IF(L9="x",5,IF(M9="x",4,IF(N9="x",3,IF(O9="x",2,IF(P9="x",1,IF(Q9="x",0,""))))))))))))) -> 12
A10: Project Research | B10: =Data!A28 -> 2.1 | C10: =Data!B28 -> Review of the Problem Area | D10: =Data!C28 -> Summarizes and synthesizes existing research to support the claims of the problem. Information gathered is technically sound and adequate, e.g., summarizes benchmarked prototypes, patents, research publications, etc. Properly cited work using IEEE style. Includes visual aids (e.g., figures, tables) and technical details to introduce the various claims and approaches published in literature. | E10: x | R10: =IF(E10="x",12,IF(F10="x",11,IF(G10="x",10,IF(H10="x",9,IF(I10="x",8,IF(J10="x",7,IF(K10="x",6,IF(L10="x",5,IF(M10="x",4,IF(N10="x",3,IF(O10="x",2,IF(P10="x",1,IF(Q10="x",0,""))))))))))))) -> 12 | S10: 1 | T10: =AVERAGE(R10:R11)*S10 -> 12
B11: =Data!A29 -> 2.2 | C11: =Data!B29 -> Review of State-of-the-Art | D11: =Data!C29 -> Introduces relevant products and technologies that exist in research or the market. Introduces appropriate metrics to describe the State-of-Art performance. | E11: x | R11: =IF(E11="x",12,IF(F11="x",11,IF(G11="x",10,IF(H11="x",9,IF(I11="x",8,IF(J11="x",7,IF(K11="x",6,IF(L11="x",5,IF(M11="x",4,IF(N11="x",3,IF(O11="x",2,IF(P11="x",1,IF(Q11="x",0,""))))))))))))) -> 12
A12: Project Development | B12: =Data!A31 -> 3.1 | C12: =Data!B31 -> Requirements Matrix | D12: =Data!C31 -> Translates the client's needs into engineering statements using relevant metrics of performance (one, unambiguous and measurable value). Describes the relationships between these statements. Has received Client approval. | E12: x | R12: =IF(E12="x",12,IF(F12="x",11,IF(G12="x",10,IF(H12="x",9,IF(I12="x",8,IF(J12="x",7,IF(K12="x",6,IF(L12="x",5,IF(M12="x",4,IF(N12="x",3,IF(O12="x",2,IF(P12="x",1,IF(Q12="x",0,""))))))))))))) -> 12 | S12: 1.5 | T12: =AVERAGE(R12:R14)*S12 -> 18
B13: =Data!A32 -> 3.2 | C13: =Data!B32 -> Exploratory Concepts | D13: =Data!C32 -> Presents (at least) three exploratory designs that can potentially meet the design requirements. Provides evidence to substantiate the validity of the designs. Points out the strengths and weaknesses of each design. Includes sketches and/or models to demonstrate the completeness of the exploratory designs. | E13: x | R13: =IF(E13="x",12,IF(F13="x",11,IF(G13="x",10,IF(H13="x",9,IF(I13="x",8,IF(J13="x",7,IF(K13="x",6,IF(L13="x",5,IF(M13="x",4,IF(N13="x",3,IF(O13="x",2,IF(P13="x",1,IF(Q13="x",0,""))))))))))))) -> 12
B14: =Data!A33 -> 3.3 | C14: =Data!B33 -> Resource Requirements | D14: =Data!C33 -> Expected resource needs to support the project are clearly defined. Status and timeline of any on-going Investigations into resource availabilities is well defined. | E14: x | R14: =IF(E14="x",12,IF(F14="x",11,IF(G14="x",10,IF(H14="x",9,IF(I14="x",8,IF(J14="x",7,IF(K14="x",6,IF(L14="x",5,IF(M14="x",4,IF(N14="x",3,IF(O14="x",2,IF(P14="x",1,IF(Q14="x",0,""))))))))))))) -> 12
A15: Design Development | B15: =Data!A38 -> 5.1 | C15: =Data!B38 -> System Decomposition | D15: =Data!C38 -> Decompose the complexity of the system/problem by describing its constituent components. Break down the complex system/problem into smaller, more manageable parts by building a hierarchical representation of critical subsystems. Depending on the system, you may consider developing a functional decomposition, assembly decomposition, or service-based decomposition. | E15: x | R15: =IF(E15="x",12,IF(F15="x",11,IF(G15="x",10,IF(H15="x",9,IF(I15="x",8,IF(J15="x",7,IF(K15="x",6,IF(L15="x",5,IF(M15="x",4,IF(N15="x",3,IF(O15="x",2,IF(P15="x",1,IF(Q15="x",0,""))))))))))))) -> 12 | S15: 1.5 | T15: =AVERAGE(R15:R17)*S15 -> 18
B16: =Data!A39 -> 5.2 | C16: =Data!B39 -> Conceptual Design | D16: =Data!C39 -> Presents (at least) three detailed conceptual designs that can meet the design requirements. Provides evidence to substantiate the validity of the designs. Points out strengths and weaknesses of each. Includes sketches and/or models to demonstrate the completeness of the designs. | E16: x | R16: =IF(E16="x",12,IF(F16="x",11,IF(G16="x",10,IF(H16="x",9,IF(I16="x",8,IF(J16="x",7,IF(K16="x",6,IF(L16="x",5,IF(M16="x",4,IF(N16="x",3,IF(O16="x",2,IF(P16="x",1,IF(Q16="x",0,""))))))))))))) -> 12
B17: =Data!A40 -> 5.3 | C17: =Data!B40 -> Down Selection Process | D17: =Data!C40 -> Discusses the results of the Down Selection process, includes the criteria and weighting factors for each criterion. Defines the final selection and explains why. | E17: x | R17: =IF(E17="x",12,IF(F17="x",11,IF(G17="x",10,IF(H17="x",9,IF(I17="x",8,IF(J17="x",7,IF(K17="x",6,IF(L17="x",5,IF(M17="x",4,IF(N17="x",3,IF(O17="x",2,IF(P17="x",1,IF(Q17="x",0,""))))))))))))) -> 12
B18: =Data!A42 -> 5.5 | C18: =Data!B42 -> Design Calculations & Analysis Results | D18: =Data!C42 -> Provide and describe the analytical models used to support the design. (FEA, Electrical simulations, Mechanical analysis) Provide and describe the experiments and measurements that support the design. | E18: x | R18: =IF(E18="x",12,IF(F18="x",11,IF(G18="x",10,IF(H18="x",9,IF(I18="x",8,IF(J18="x",7,IF(K18="x",6,IF(L18="x",5,IF(M18="x",4,IF(N18="x",3,IF(O18="x",2,IF(P18="x",1,IF(Q18="x",0,""))))))))))))) -> 12 | S18: 1 | T18: =AVERAGE(R18:R20)*S18 -> 12
B19: =Data!A43 -> 5.6 | C19: =Data!B43 -> Mathematical Modeling (Lit review) | D19: =Data!C43 -> Define all analytical approaches to be used to support confirmation that your system design will meet the client requirements. | E19: x | R19: =IF(E19="x",12,IF(F19="x",11,IF(G19="x",10,IF(H19="x",9,IF(I19="x",8,IF(J19="x",7,IF(K19="x",6,IF(L19="x",5,IF(M19="x",4,IF(N19="x",3,IF(O19="x",2,IF(P19="x",1,IF(Q19="x",0,""))))))))))))) -> 12
B20: =Data!A44 -> 5.7 | C20: =Data!B44 -> Critical Issues & Risk Mitigation | D20: =Data!C44 -> Explains critical issues that have arisen. Translates critical issues into sequential action items. Explains the affect(s) on the critical path and schedule. | E20: x | R20: =IF(E20="x",12,IF(F20="x",11,IF(G20="x",10,IF(H20="x",9,IF(I20="x",8,IF(J20="x",7,IF(K20="x",6,IF(L20="x",5,IF(M20="x",4,IF(N20="x",3,IF(O20="x",2,IF(P20="x",1,IF(Q20="x",0,""))))))))))))) -> 12
A21: Project Management | B21: =Data!A65 -> 10.1 | C21: =Data!B65 -> Project Schedule | D21: =Data!C65 -> Task descriptions contain an acceptable level of detail. Task predecessor links properly used with no open-ended tasks. Task progress bar properly used to indicate % completion status of active tasks. All tasks set to Auto-Schedule mode. All Resource Names added. Milestones identified and properly linked. All task flow in a chronological order. | E21: x | R21: =IF(E21="x",12,IF(F21="x",11,IF(G21="x",10,IF(H21="x",9,IF(I21="x",8,IF(J21="x",7,IF(K21="x",6,IF(L21="x",5,IF(M21="x",4,IF(N21="x",3,IF(O21="x",2,IF(P21="x",1,IF(Q21="x",0,""))))))))))))) -> 12 | S21: 0.75 | T21: =AVERAGE(R21:R22)*S21 -> 9
B22: =Data!A66 -> 10.2 | C22: =Data!B66 -> Gantt Charts & Critical Path | D22: =Data!C66&" 3 Tasks." -> Gantt Chart(s): Properly formatted to clearly define project status details and all information in the Gantt Charts is aligned with the Gate requirements. Task level information clearly indicates an appropriate level of detail. Chart types are properly created as defined in the Project Schedule Guidelines. Critical Path: MS Project able to calculate critical path based on existing tasks and predecessor structure. Clearly defined and shown using the Level 3 chart format. Gantt Charts content should be To gate 3 Tasks. | E22: x | R22: =IF(E22="x",12,IF(F22="x",11,IF(G22="x",10,IF(H22="x",9,IF(I22="x",8,IF(J22="x",7,IF(K22="x",6,IF(L22="x",5,IF(M22="x",4,IF(N22="x",3,IF(O22="x",2,IF(P22="x",1,IF(Q22="x",0,""))))))))))))) -> 12
A23: Report Quality | C23: =Data!B7 -> Formatting and References | D23: =Data!C7 -> Uses IEEE format to develop the Title Page, Table of Contents, Appendix, and Work Cited sections of this report. | E23: x | R23: =IF(E23="x",12,IF(F23="x",11,IF(G23="x",10,IF(H23="x",9,IF(I23="x",8,IF(J23="x",7,IF(K23="x",6,IF(L23="x",5,IF(M23="x",4,IF(N23="x",3,IF(O23="x",2,IF(P23="x",1,IF(Q23="x",0,""))))))))))))) -> 12 | S23: 1 | T23: =AVERAGE(R23:R25)*S23 -> 12
C24: =Data!B8 -> Text | D24: =Data!C8 -> Free of spelling and grammatical errors, text flows with contiguous threads, consistent format, use of 3rd person perspective, non-repeating ideas or information. | E24: x | R24: =IF(E24="x",12,IF(F24="x",11,IF(G24="x",10,IF(H24="x",9,IF(I24="x",8,IF(J24="x",7,IF(K24="x",6,IF(L24="x",5,IF(M24="x",4,IF(N24="x",3,IF(O24="x",2,IF(P24="x",1,IF(Q24="x",0,""))))))))))))) -> 12
C25: =Data!B9 -> Visual Aids | D25: =Data!C9 -> Visual aids (all figures including hand sketches, photos, charts, etc. and tables) are clear and readable and of professional quality. Graphic aspects labeled and linked to text to transmit critical information, units/scaling clear. Proper IEEE style utilized. | E25: x | R25: =IF(E25="x",12,IF(F25="x",11,IF(G25="x",10,IF(H25="x",9,IF(I25="x",8,IF(J25="x",7,IF(K25="x",6,IF(L25="x",5,IF(M25="x",4,IF(N25="x",3,IF(O25="x",2,IF(P25="x",1,IF(Q25="x",0,""))))))))))))) -> 12
B26: =Data!A77 -> A3 | C26: =Data!B77 -> Down Selection Process | D26: =Data!C77 -> Copy of calculation results for each down selection analysis completed. | E26: x | R26: =IF(E26="x",12,IF(F26="x",11,IF(G26="x",10,IF(H26="x",9,IF(I26="x",8,IF(J26="x",7,IF(K26="x",6,IF(L26="x",5,IF(M26="x",4,IF(N26="x",3,IF(O26="x",2,IF(P26="x",1,IF(Q26="x",0,""))))))))))))) -> 12 | S26: 0.25 | T26: =AVERAGE(R26:R27)*S26 -> 3
B27: =Data!A78 -> A4 | C27: =Data!B78 -> Team Meeting Notes | D27: =Data!C78 -> Contains invitees, attendees, agenda, meeting notes, and task assignment with team member responsibilities clearly labeled. | E27: x | R27: =IF(E27="x",12,IF(F27="x",11,IF(G27="x",10,IF(H27="x",9,IF(I27="x",8,IF(J27="x",7,IF(K27="x",6,IF(L27="x",5,IF(M27="x",4,IF(N27="x",3,IF(O27="x",2,IF(P27="x",1,IF(Q27="x",0,""))))))))))))) -> 12
A28: Comments | R28: Total Points | T28: =SUM(T4:T27) -> 96
R29: Points Available | T29: 96
R30: Grade % | T30: =T28/T29 -> 1

Sheet G2.5P
A2: Gate 2.5 Project Status Report - Oral Presentation Rubric
A3: Category | B3: Report Sec. # | C3: Title | D3: Requirements | E3: Meets Expectations (12) | F3: (11) | G3: (10) | H3: (9) | I3: (8) | J3: (7) | K3: (6) | L3: (5) | M3: (4) | N3: (3) | O3: (2) | P3: (1) | Q3: No Evidence (0) | R3: Score (0-12) | S3: Weight | T3: Avg. Score
A4: Overall Presentation | C4: =Data!B10 -> Introduction | D4: =Data!C10 -> Presentation Title (closely matches project name), Outline (follows Rubric), Team Members (photo, name, academic major, team role) Concise overview of project. | E4: x | R4: =IF(E4="x",12,IF(F4="x",11,IF(G4="x",10,IF(H4="x",9,IF(I4="x",8,IF(J4="x",7,IF(K4="x",6,IF(L4="x",5,IF(M4="x",4,IF(N4="x",3,IF(O4="x",2,IF(P4="x",1,IF(Q4="x",0,""))))))))))))) -> 12 | S4: 1 | T4: =AVERAGE(R4:R7) -> 12
C5: =Data!B12 -> Audio / Visual Quality of Presentation | D5: =Data!C12 -> Figures and tables in engineering format, free of spelling and grammatical errors, data presented is well-organized and defined in tabular or graphical form. Annotations are used to describe key points of photos and graphics. All slides are labeled with page numbers and consistent formatting between slides. Audio quality good no background noise or distractions. | E5: x | R5: =IF(E5="x",12,IF(F5="x",11,IF(G5="x",10,IF(H5="x",9,IF(I5="x",8,IF(J5="x",7,IF(K5="x",6,IF(L5="x",5,IF(M5="x",4,IF(N5="x",3,IF(O5="x",2,IF(P5="x",1,IF(Q5="x",0,""))))))))))))) -> 12
C6: =Data!B13 -> References | D6: =Data!C13 -> References (in-text and bibliography) properly cited in IEEE style. Proper use of the Zotero citation management tool | E6: x | R6: =IF(E6="x",12,IF(F6="x",11,IF(G6="x",10,IF(H6="x",9,IF(I6="x",8,IF(J6="x",7,IF(K6="x",6,IF(L6="x",5,IF(M6="x",4,IF(N6="x",3,IF(O6="x",2,IF(P6="x",1,IF(Q6="x",0,""))))))))))))) -> 12
C7: =Data!B11 -> Oral Presentation Skill | D7: =Data!C11 -> Clear enunciation when discussing engineering design. All members are participating. Smooth transitions between topics and presenters. | E7: x | R7: =IF(E7="x",12,IF(F7="x",11,IF(G7="x",10,IF(H7="x",9,IF(I7="x",8,IF(J7="x",7,IF(K7="x",6,IF(L7="x",5,IF(M7="x",4,IF(N7="x",3,IF(O7="x",2,IF(P7="x",1,IF(Q7="x",0,""))))))))))))) -> 12
A8: Comments
A9: Project introduction | B9: =Data!A23 -> 1.1 | C9: =Data!B23 -> Problem Description | D9: =Data!C23 -> Includes context to the problem, reason for the problem, need for this project, defines who is impacted by the problem (customer / market) and how. | E9: x | R9: =IF(E9="x",12,IF(F9="x",11,IF(G9="x",10,IF(H9="x",9,IF(I9="x",8,IF(J9="x",7,IF(K9="x",6,IF(L9="x",5,IF(M9="x",4,IF(N9="x",3,IF(O9="x",2,IF(P9="x",1,IF(Q9="x",0,""))))))))))))) -> 12 | S9: 1 | T9: =AVERAGE(R9:R12) -> 12
B10: =Data!A24 -> 1.2 | C10: =Data!B24 -> Problem Statement | D10: =Data!C24 -> Describes the problem in technical detail and Quantifies the impact on the customer/market. Introduce critical performance metrics. Defines the end-user population (e.g., person, environment, or organization). | E10: x | R10: =IF(E10="x",12,IF(F10="x",11,IF(G10="x",10,IF(H10="x",9,IF(I10="x",8,IF(J10="x",7,IF(K10="x",6,IF(L10="x",5,IF(M10="x",4,IF(N10="x",3,IF(O10="x",2,IF(P10="x",1,IF(Q10="x",0,""))))))))))))) -> 12
B11: =Data!A25 -> 1.3 | C11: =Data!B25 -> Scope of Work | D11: =Data!C25 -> Describes the approach to solve this problem, the projected timeline plan, and the assumptions, limitations, and constraints of the project. Describes the services and/or materials to be obtained from the client. | E11: x | R11: =IF(E11="x",12,IF(F11="x",11,IF(G11="x",10,IF(H11="x",9,IF(I11="x",8,IF(J11="x",7,IF(K11="x",6,IF(L11="x",5,IF(M11="x",4,IF(N11="x",3,IF(O11="x",2,IF(P11="x",1,IF(Q11="x",0,""))))))))))))) -> 12
B12: =Data!A38 -> 5.1 | C12: =Data!B38 -> System Decomposition | D12: =Data!C38 -> Decompose the complexity of the system/problem by describing its constituent components. Break down the complex system/problem into smaller, more manageable parts by building a hierarchical representation of critical subsystems. Depending on the system, you may consider developing a functional decomposition, assembly decomposition, or service-based decomposition. | E12: x | R12: =IF(E12="x",12,IF(F12="x",11,IF(G12="x",10,IF(H12="x",9,IF(I12="x",8,IF(J12="x",7,IF(K12="x",6,IF(L12="x",5,IF(M12="x",4,IF(N12="x",3,IF(O12="x",2,IF(P12="x",1,IF(Q12="x",0,""))))))))))))) -> 12
A13: Comments
A14: Design Development | B14: =Data!A41 -> 5.4 | C14: =Data!B41 -> Final Design Description | D14: =Data!C41 -> Describes all aspects of the final design and how it meets the client's requirements. | E14: x | R14: =IF(E14="x",12,IF(F14="x",11,IF(G14="x",10,IF(H14="x",9,IF(I14="x",8,IF(J14="x",7,IF(K14="x",6,IF(L14="x",5,IF(M14="x",4,IF(N14="x",3,IF(O14="x",2,IF(P14="x",1,IF(Q14="x",0,""))))))))))))) -> 12 | S14: 2 | T14: =S14*AVERAGE(R14:R17) -> 24
B15: =Data!A42 -> 5.5 | C15: =Data!B42 -> Design Calculations & Analysis Results | D15: =Data!C42 -> Provide and describe the analytical models used to support the design. (FEA, Electrical simulations, Mechanical analysis) Provide and describe the experiments and measurements that support the design. | E15: x | R15: =IF(E15="x",12,IF(F15="x",11,IF(G15="x",10,IF(H15="x",9,IF(I15="x",8,IF(J15="x",7,IF(K15="x",6,IF(L15="x",5,IF(M15="x",4,IF(N15="x",3,IF(O15="x",2,IF(P15="x",1,IF(Q15="x",0,""))))))))))))) -> 12
B16: =Data!A43 -> 5.6 | C16: =Data!B43 -> Mathematical Modeling (Lit review) | D16: =Data!C43 -> Define all analytical approaches to be used to support confirmation that your system design will meet the client requirements. | E16: x | R16: =IF(E16="x",12,IF(F16="x",11,IF(G16="x",10,IF(H16="x",9,IF(I16="x",8,IF(J16="x",7,IF(K16="x",6,IF(L16="x",5,IF(M16="x",4,IF(N16="x",3,IF(O16="x",2,IF(P16="x",1,IF(Q16="x",0,""))))))))))))) -> 12
B17: =Data!A44 -> 5.7 | C17: =Data!B44 -> Critical Issues & Risk Mitigation | D17: =Data!C44 -> Explains critical issues that have arisen. Translates critical issues into sequential action items. Explains the affect(s) on the critical path and schedule. | E17: x | R17: =IF(E17="x",12,IF(F17="x",11,IF(G17="x",10,IF(H17="x",9,IF(I17="x",8,IF(J17="x",7,IF(K17="x",6,IF(L17="x",5,IF(M17="x",4,IF(N17="x",3,IF(O17="x",2,IF(P17="x",1,IF(Q17="x",0,""))))))))))))) -> 12
A18: Comments
A19: Technical Design Documentation | B19: =Data!A46 -> 6.1 | C19: =Data!B46 -> Mechanical Design | D19: =Data!C46 -> Provides a mechanical description for the project design with sufficient detail for fabrication/manufacturing/assembly. The descriptions include tolerances, part numbering, and material specifications. Provides a manufacturing plan for each part. | E19: x | R19: =IF(E19="x",12,IF(F19="x",11,IF(G19="x",10,IF(H19="x",9,IF(I19="x",8,IF(J19="x",7,IF(K19="x",6,IF(L19="x",5,IF(M19="x",4,IF(N19="x",3,IF(O19="x",2,IF(P19="x",1,IF(Q19="x",0,""))))))))))))) -> 12 | S19: 2 | T19: =S19*AVERAGE(R19:R22) -> 24
B20: =Data!A47 -> 6.2 | C20: =Data!B47 -> Electrical Design | D20: =Data!C47 -> Provides an electrical description for the project design with sufficient detail for fabrication/manufacturing/assembly. Provides complete circuit diagrams. Evaluates the results of circuit breadboards. Provides complete wiring diagrams including cables and connectors. Provides a PC board layout ready for production including mounting points. | E20: x | R20: =IF(E20="x",12,IF(F20="x",11,IF(G20="x",10,IF(H20="x",9,IF(I20="x",8,IF(J20="x",7,IF(K20="x",6,IF(L20="x",5,IF(M20="x",4,IF(N20="x",3,IF(O20="x",2,IF(P20="x",1,IF(Q20="x",0,""))))))))))))) -> 12
B21: =Data!A48 -> 6.3 | C21: =Data!B48 -> Software & Programming | D21: =Data!C48 -> Provides a description of the software for the project with sufficient detail for reproducibility and troubleshooting. Includes complete flow diagrams including links and operating interfaces. | E21: x | R21: =IF(E21="x",12,IF(F21="x",11,IF(G21="x",10,IF(H21="x",9,IF(I21="x",8,IF(J21="x",7,IF(K21="x",6,IF(L21="x",5,IF(M21="x",4,IF(N21="x",3,IF(O21="x",2,IF(P21="x",1,IF(Q21="x",0,""))))))))))))) -> 12
B22: =Data!A50 -> 6.5 | C22: =Data!B50 -> System Design Bill of Materials (BOM) | D22: =Data!C50 -> Provide a completed Design Bill of Materials table that defines each system grouping with its associated assemblies and individual parts fully defined. Each line item in the table has an identifiable part numbering system created by the team. | E22: x | R22: =IF(E22="x",12,IF(F22="x",11,IF(G22="x",10,IF(H22="x",9,IF(I22="x",8,IF(J22="x",7,IF(K22="x",6,IF(L22="x",5,IF(M22="x",4,IF(N22="x",3,IF(O22="x",2,IF(P22="x",1,IF(Q22="x",0,""))))))))))))) -> 12
A23: Comments
A24: Project Budget & Expenses | B24: =Data!A57 -> 8.4 | C24: =Data!B57 -> Established Project Budget | D24: =Data!C57 -> Describe the amount of funds that will be available to procure all necessary parts and materials to build your prototype. | E24: x | R24: =IF(E24="x",12,IF(F24="x",11,IF(G24="x",10,IF(H24="x",9,IF(I24="x",8,IF(J24="x",7,IF(K24="x",6,IF(L24="x",5,IF(M24="x",4,IF(N24="x",3,IF(O24="x",2,IF(P24="x",1,IF(Q24="x",0,""))))))))))))) -> 12 | T24: =AVERAGE(R24:R26) -> 12
B25: =Data!A58 -> 8.5 | C25: =Data!B58 -> Prototype Parts Expense | D25: =Data!C58 -> Tabulate the total expenses for the various systems of your project, such as, ‘Mechanical Parts’, ‘Electrical Components’, ‘Supplies’, ‘Electrical Suppliers’, ‘Special Tools”, etc. | E25: x | R25: =IF(E25="x",12,IF(F25="x",11,IF(G25="x",10,IF(H25="x",9,IF(I25="x",8,IF(J25="x",7,IF(K25="x",6,IF(L25="x",5,IF(M25="x",4,IF(N25="x",3,IF(O25="x",2,IF(P25="x",1,IF(Q25="x",0,""))))))))))))) -> 12
B26: =Data!A59 -> 8.6 | C26: =Data!B59 -> Budget Summary | D26: =Data!C59 -> Provide a summary of the status of all expenses and available budget amounts. | E26: x | R26: =IF(E26="x",12,IF(F26="x",11,IF(G26="x",10,IF(H26="x",9,IF(I26="x",8,IF(J26="x",7,IF(K26="x",6,IF(L26="x",5,IF(M26="x",4,IF(N26="x",3,IF(O26="x",2,IF(P26="x",1,IF(Q26="x",0,""))))))))))))) -> 12
A27: Comments
A28: Project Management | B28: =Data!A65 -> 10.1 | C28: =Data!B65 -> Project Schedule | D28: =Data!C65 -> Task descriptions contain an acceptable level of detail. Task predecessor links properly used with no open-ended tasks. Task progress bar properly used to indicate % completion status of active tasks. All tasks set to Auto-Schedule mode. All Resource Names added. Milestones identified and properly linked. All task flow in a chronological order. | E28: x | R28: =IF(E28="x",12,IF(F28="x",11,IF(G28="x",10,IF(H28="x",9,IF(I28="x",8,IF(J28="x",7,IF(K28="x",6,IF(L28="x",5,IF(M28="x",4,IF(N28="x",3,IF(O28="x",2,IF(P28="x",1,IF(Q28="x",0,""))))))))))))) -> 12 | T28: =AVERAGE(R28:R29) -> 12
B29: =Data!A66 -> 10.2 | C29: =Data!B66 -> Gantt Charts & Critical Path | D29: =Data!C66&" 3 Tasks." -> Gantt Chart(s): Properly formatted to clearly define project status details and all information in the Gantt Charts is aligned with the Gate requirements. Task level information clearly indicates an appropriate level of detail. Chart types are properly created as defined in the Project Schedule Guidelines. Critical Path: MS Project able to calculate critical path based on existing tasks and predecessor structure. Clearly defined and shown using the Level 3 chart format. Gantt Charts content should be To gate 3 Tasks. | E29: x | R29: =IF(E29="x",12,IF(F29="x",11,IF(G29="x",10,IF(H29="x",9,IF(I29="x",8,IF(J29="x",7,IF(K29="x",6,IF(L29="x",5,IF(M29="x",4,IF(N29="x",3,IF(O29="x",2,IF(P29="x",1,IF(Q29="x",0,""))))))))))))) -> 12
A30: Comments | B30: Well prepared presentation. Please remember to introduce the separate objectives of the different team members. | R30: Total Points | T30: =SUM(T4:T29) -> 96
R31: Points Available | T31: 96
R32: Grade % | T32: =T30/T31 -> 1

Sheet G3P
A2: Gate 3 Concept Demonstration Video
A3: Category | B3: Report Sec. # | C3: Title | D3: Requirements (Additional information provided in Guidelines_Report.doc) | E3: Meets Expectations (12) | F3: (11) | G3: (10) | H3: (9) | I3: (8) | J3: (7) | K3: (6) | L3: (5) | M3: (4) | N3: (3) | O3: (2) | P3: (1) | Q3: No Evidence (0) | R3: Score (0-12) | S3: Weight | T3: Avg. Score
A4: Overall Presentation | C4: =Data!B11 -> Oral Presentation Skill | D4: =Data!C11 -> Clear enunciation when discussing engineering design. All members are participating. Smooth transitions between topics and presenters. | E4: x | R4: =IF(E4="x",12,IF(F4="x",11,IF(G4="x",10,IF(H4="x",9,IF(I4="x",8,IF(J4="x",7,IF(K4="x",6,IF(L4="x",5,IF(M4="x",4,IF(N4="x",3,IF(O4="x",2,IF(P4="x",1,IF(Q4="x",0,""))))))))))))) -> 12 | S4: 1.5 | T4: =AVERAGE(R4:R6)*S4 -> 18
C5: =Data!B12 -> Audio / Visual Quality of Presentation | D5: =Data!C12 -> Figures and tables in engineering format, free of spelling and grammatical errors, data presented is well-organized and defined in tabular or graphical form. Annotations are used to describe key points of photos and graphics. All slides are labeled with page numbers and consistent formatting between slides. Audio quality good no background noise or distractions. | E5: x | R5: =IF(E5="x",12,IF(F5="x",11,IF(G5="x",10,IF(H5="x",9,IF(I5="x",8,IF(J5="x",7,IF(K5="x",6,IF(L5="x",5,IF(M5="x",4,IF(N5="x",3,IF(O5="x",2,IF(P5="x",1,IF(Q5="x",0,""))))))))))))) -> 12
C6: =Data!B13 -> References | D6: =Data!C13 -> References (in-text and bibliography) properly cited in IEEE style. Proper use of the Zotero citation management tool | E6: x | R6: =IF(E6="x",12,IF(F6="x",11,IF(G6="x",10,IF(H6="x",9,IF(I6="x",8,IF(J6="x",7,IF(K6="x",6,IF(L6="x",5,IF(M6="x",4,IF(N6="x",3,IF(O6="x",2,IF(P6="x",1,IF(Q6="x",0,""))))))))))))) -> 12
A7: Comments
A8: Project Definition | B8: =Data!A23 -> 1.1 | C8: =Data!B23 -> Problem Description | D8: =Data!C23 -> Includes context to the problem, reason for the problem, need for this project, defines who is impacted by the problem (customer / market) and how. | E8: x | R8: =IF(E8="x",12,IF(F8="x",11,IF(G8="x",10,IF(H8="x",9,IF(I8="x",8,IF(J8="x",7,IF(K8="x",6,IF(L8="x",5,IF(M8="x",4,IF(N8="x",3,IF(O8="x",2,IF(P8="x",1,IF(Q8="x",0,""))))))))))))) -> 12 | S8: 1 | T8: =AVERAGE(R8:R11)*S8 -> 12
B9: =Data!A24 -> 1.2 | C9: =Data!B24 -> Problem Statement | D9: =Data!C24 -> Describes the problem in technical detail and Quantifies the impact on the customer/market. Introduce critical performance metrics. Defines the end-user population (e.g., person, environment, or organization). | E9: x | R9: =IF(E9="x",12,IF(F9="x",11,IF(G9="x",10,IF(H9="x",9,IF(I9="x",8,IF(J9="x",7,IF(K9="x",6,IF(L9="x",5,IF(M9="x",4,IF(N9="x",3,IF(O9="x",2,IF(P9="x",1,IF(Q9="x",0,""))))))))))))) -> 12
B10: =Data!A25 -> 1.3 | C10: =Data!B25 -> Scope of Work | D10: =Data!C25 -> Describes the approach to solve this problem, the projected timeline plan, and the assumptions, limitations, and constraints of the project. Describes the services and/or materials to be obtained from the client. | E10: X | R10: =IF(E10="x",12,IF(F10="x",11,IF(G10="x",10,IF(H10="x",9,IF(I10="x",8,IF(J10="x",7,IF(K10="x",6,IF(L10="x",5,IF(M10="x",4,IF(N10="x",3,IF(O10="x",2,IF(P10="x",1,IF(Q10="x",0,""))))))))))))) -> 12
B11: =Data!A38 -> 5.1 | C11: =Data!B38 -> System Decomposition | D11: =Data!C38 -> Decompose the complexity of the system/problem by describing its constituent components. Break down the complex system/problem into smaller, more manageable parts by building a hierarchical representation of critical subsystems. Depending on the system, you may consider developing a functional decomposition, assembly decomposition, or service-based decomposition. | E11: x | R11: =IF(E11="x",12,IF(F11="x",11,IF(G11="x",10,IF(H11="x",9,IF(I11="x",8,IF(J11="x",7,IF(K11="x",6,IF(L11="x",5,IF(M11="x",4,IF(N11="x",3,IF(O11="x",2,IF(P11="x",1,IF(Q11="x",0,""))))))))))))) -> 12
A12: Comments
A13: Design Development | C13: Concept Evolution (Inspiration + Creativity) | D13: =Data!C21 -> Presents the evolution of your design by illustrating the developments made throughout the exploratory/conceptual/down-selection design phases. Points out the strengths and weaknesses of each design. Provides evidence to validate the concept selection. | E13: x | R13: =IF(E13="x",12,IF(F13="x",11,IF(G13="x",10,IF(H13="x",9,IF(I13="x",8,IF(J13="x",7,IF(K13="x",6,IF(L13="x",5,IF(M13="x",4,IF(N13="x",3,IF(O13="x",2,IF(P13="x",1,IF(Q13="x",0,""))))))))))))) -> 12 | S13: 2.5 | T13: =AVERAGE(R13:R15)*S13 -> 30
C14: Quality of Science | D14: Demonstrates critical thinking skills to evaluate technical and market viability. Is the problem and assessment structured/justified. Standards & industrial accepted methods of assessment, logic, reasoning, (core principles) evidence. | E14: x | R14: =IF(E14="x",12,IF(F14="x",11,IF(G14="x",10,IF(H14="x",9,IF(I14="x",8,IF(J14="x",7,IF(K14="x",6,IF(L14="x",5,IF(M14="x",4,IF(N14="x",3,IF(O14="x",2,IF(P14="x",1,IF(Q14="x",0,""))))))))))))) -> 12
C15: Quality of Prototype & Model | D15: Prototype demonstrates proof-of-concept for at least 1 key functional and/or customer requirement. Demo of critical principles, scaled, off-the-shelf, | E15: x | R15: =IF(E15="x",12,IF(F15="x",11,IF(G15="x",10,IF(H15="x",9,IF(I15="x",8,IF(J15="x",7,IF(K15="x",6,IF(L15="x",5,IF(M15="x",4,IF(N15="x",3,IF(O15="x",2,IF(P15="x",1,IF(Q15="x",0,""))))))))))))) -> 12
A16: Comments
A17: Preliminary Results | C17: =Data!B16 -> Comparison of results | D17: =Data!C16 -> Compare your experimental results to the theory. Describe the mathematical model(s) used to predict product performance (e.g., FEA, Electrical simulations, Mechanical analysis). Describe the experiments and measurements that support the design methodology. | E17: x | R17: =IF(E17="x",12,IF(F17="x",11,IF(G17="x",10,IF(H17="x",9,IF(I17="x",8,IF(J17="x",7,IF(K17="x",6,IF(L17="x",5,IF(M17="x",4,IF(N17="x",3,IF(O17="x",2,IF(P17="x",1,IF(Q17="x",0,""))))))))))))) -> 12 | S17: 2.5 | T17: =AVERAGE(R17:R19)*S17 -> 30
C18: Interpretation of Results | D18: =Data!C70 -> List most important lessons learned by sharing experiences of how new and improved techniques or processes were developed and how they were instrumental in achieving your design requirements. | E18: X | R18: =IF(E18="x",12,IF(F18="x",11,IF(G18="x",10,IF(H18="x",9,IF(I18="x",8,IF(J18="x",7,IF(K18="x",6,IF(L18="x",5,IF(M18="x",4,IF(N18="x",3,IF(O18="x",2,IF(P18="x",1,IF(Q18="x",0,""))))))))))))) -> 12
C19: Future Work | D19: Describe the next steps that you would take in this work. Formulate any questions that your results may raise and whether alternative steps should be considered in future work. | E19: X | R19: =IF(E19="x",12,IF(F19="x",11,IF(G19="x",10,IF(H19="x",9,IF(I19="x",8,IF(J19="x",7,IF(K19="x",6,IF(L19="x",5,IF(M19="x",4,IF(N19="x",3,IF(O19="x",2,IF(P19="x",1,IF(Q19="x",0,""))))))))))))) -> 12
A20: Comments
A21: Demonstration | C21: =Data!B14 -> Demo Video | D21: =Data!C14 -> Video uploaded into the proper location(s) | E21: x | R21: =IF(E21="x",12,IF(F21="x",11,IF(G21="x",10,IF(H21="x",9,IF(I21="x",8,IF(J21="x",7,IF(K21="x",6,IF(L21="x",5,IF(M21="x",4,IF(N21="x",3,IF(O21="x",2,IF(P21="x",1,IF(Q21="x",0,""))))))))))))) -> 12 | S21: 0.5 | T21: =AVERAGE(R21:R21)*S21 -> 6
A22: Comments | R22: Total Points | T22: =SUM(T4:T21) -> 96
R23: Points Available | T23: 96
R24: Grade % | T24: =T22/T23 -> 1

Sheet G4R
A2: Gate 4 Technical Report Rubric
A3: Category | B3: Report Sec. # | C3: Title | D3: Requirements (Additional information provided in Guidelines_Report.doc) | E3: Meets Expectations (12) | F3: (11) | G3: (10) | H3: (9) | I3: (8) | J3: (7) | K3: (6) | L3: (5) | M3: (4) | N3: (3) | O3: (2) | P3: (1) | Q3: No Evidence (0) | R3: Score (0-12) | S3: Weight | T3: Avg. Score
A4: Updated Sections based on feedback from Previous Gate(s) | B4: =Data!A6 -> ii | C4: =Data!B6 -> Executive Summary | D4: Gate 4 adjusted based upon project status and feedback from previous Gate Reports. | E4: x | R4: =IF(E4="x",12,IF(F4="x",11,IF(G4="x",10,IF(H4="x",9,IF(I4="x",8,IF(J4="x",7,IF(K4="x",6,IF(L4="x",5,IF(M4="x",4,IF(N4="x",3,IF(O4="x",2,IF(P4="x",1,IF(Q4="x",0,""))))))))))))) -> 12 | S4: 1 | T4: =AVERAGE(R4:R13)*S4 -> 12
B5: =Data!A28 -> 2.1 | C5: =Data!B28 -> Review of the Problem Area | E5: x | R5: =IF(E5="x",12,IF(F5="x",11,IF(G5="x",10,IF(H5="x",9,IF(I5="x",8,IF(J5="x",7,IF(K5="x",6,IF(L5="x",5,IF(M5="x",4,IF(N5="x",3,IF(O5="x",2,IF(P5="x",1,IF(Q5="x",0,""))))))))))))) -> 12
B6: =Data!A29 -> 2.2 | C6: =Data!B29 -> Review of State-of-the-Art | E6: x | R6: =IF(E6="x",12,IF(F6="x",11,IF(G6="x",10,IF(H6="x",9,IF(I6="x",8,IF(J6="x",7,IF(K6="x",6,IF(L6="x",5,IF(M6="x",4,IF(N6="x",3,IF(O6="x",2,IF(P6="x",1,IF(Q6="x",0,""))))))))))))) -> 12
B7: =Data!A31 -> 3.1 | C7: =Data!B31 -> Requirements Matrix | E7: x | R7: =IF(E7="x",12,IF(F7="x",11,IF(G7="x",10,IF(H7="x",9,IF(I7="x",8,IF(J7="x",7,IF(K7="x",6,IF(L7="x",5,IF(M7="x",4,IF(N7="x",3,IF(O7="x",2,IF(P7="x",1,IF(Q7="x",0,""))))))))))))) -> 12
B8: =Data!A32 -> 3.2 | C8: =Data!B32 -> Exploratory Concepts | E8: x | R8: =IF(E8="x",12,IF(F8="x",11,IF(G8="x",10,IF(H8="x",9,IF(I8="x",8,IF(J8="x",7,IF(K8="x",6,IF(L8="x",5,IF(M8="x",4,IF(N8="x",3,IF(O8="x",2,IF(P8="x",1,IF(Q8="x",0,""))))))))))))) -> 12
B9: =Data!A33 -> 3.3 | C9: =Data!B33 -> Resource Requirements | E9: x | R9: =IF(E9="x",12,IF(F9="x",11,IF(G9="x",10,IF(H9="x",9,IF(I9="x",8,IF(J9="x",7,IF(K9="x",6,IF(L9="x",5,IF(M9="x",4,IF(N9="x",3,IF(O9="x",2,IF(P9="x",1,IF(Q9="x",0,""))))))))))))) -> 12
B10: =Data!A39 -> 5.2 | C10: =Data!B39 -> Conceptual Design | R10: =IF(E10="x",12,IF(F10="x",11,IF(G10="x",10,IF(H10="x",9,IF(I10="x",8,IF(J10="x",7,IF(K10="x",6,IF(L10="x",5,IF(M10="x",4,IF(N10="x",3,IF(O10="x",2,IF(P10="x",1,IF(Q10="x",0,"")))))))))))))
B11: =Data!A40 -> 5.3 | C11: =Data!B40 -> Down Selection Process | E11: x | R11: =IF(E11="x",12,IF(F11="x",11,IF(G11="x",10,IF(H11="x",9,IF(I11="x",8,IF(J11="x",7,IF(K11="x",6,IF(L11="x",5,IF(M11="x",4,IF(N11="x",3,IF(O11="x",2,IF(P11="x",1,IF(Q11="x",0,""))))))))))))) -> 12
B12: =Data!A67 -> 10.3 | C12: =Data!B67 -> MS Teams File Documentation | E12: x | R12: =IF(E12="x",12,IF(F12="x",11,IF(G12="x",10,IF(H12="x",9,IF(I12="x",8,IF(J12="x",7,IF(K12="x",6,IF(L12="x",5,IF(M12="x",4,IF(N12="x",3,IF(O12="x",2,IF(P12="x",1,IF(Q12="x",0,""))))))))))))) -> 12
B13: A1-4 | C13: Update Appendices | E13: x | R13: =IF(E13="x",12,IF(F13="x",11,IF(G13="x",10,IF(H13="x",9,IF(I13="x",8,IF(J13="x",7,IF(K13="x",6,IF(L13="x",5,IF(M13="x",4,IF(N13="x",3,IF(O13="x",2,IF(P13="x",1,IF(Q13="x",0,""))))))))))))) -> 12
A14: Design Development | B14: =Data!A41 -> 5.4 | C14: =Data!B41 -> Final Design Description | D14: =Data!C41 -> Describes all aspects of the final design and how it meets the client's requirements. | E14: x | R14: =IF(E14="x",12,IF(F14="x",11,IF(G14="x",10,IF(H14="x",9,IF(I14="x",8,IF(J14="x",7,IF(K14="x",6,IF(L14="x",5,IF(M14="x",4,IF(N14="x",3,IF(O14="x",2,IF(P14="x",1,IF(Q14="x",0,""))))))))))))) -> 12 | S14: 1 | T14: =AVERAGE(R14:R17)*S14 -> 12
B15: =Data!A42 -> 5.5 | C15: =Data!B42 -> Design Calculations & Analysis Results | D15: =Data!C42 -> Provide and describe the analytical models used to support the design. (FEA, Electrical simulations, Mechanical analysis) Provide and describe the experiments and measurements that support the design. | E15: x | R15: =IF(E15="x",12,IF(F15="x",11,IF(G15="x",10,IF(H15="x",9,IF(I15="x",8,IF(J15="x",7,IF(K15="x",6,IF(L15="x",5,IF(M15="x",4,IF(N15="x",3,IF(O15="x",2,IF(P15="x",1,IF(Q15="x",0,""))))))))))))) -> 12
B16: =Data!A43 -> 5.6 | C16: =Data!B43 -> Mathematical Modeling (Lit review) | D16: =Data!C43 -> Define all analytical approaches to be used to support confirmation that your system design will meet the client requirements. | E16: x | R16: =IF(E16="x",12,IF(F16="x",11,IF(G16="x",10,IF(H16="x",9,IF(I16="x",8,IF(J16="x",7,IF(K16="x",6,IF(L16="x",5,IF(M16="x",4,IF(N16="x",3,IF(O16="x",2,IF(P16="x",1,IF(Q16="x",0,""))))))))))))) -> 12
B17: =Data!A44 -> 5.7 | C17: =Data!B44 -> Critical Issues & Risk Mitigation | D17: =Data!C44 -> Explains critical issues that have arisen. Translates critical issues into sequential action items. Explains the affect(s) on the critical path and schedule. | E17: x | R17: =IF(E17="x",12,IF(F17="x",11,IF(G17="x",10,IF(H17="x",9,IF(I17="x",8,IF(J17="x",7,IF(K17="x",6,IF(L17="x",5,IF(M17="x",4,IF(N17="x",3,IF(O17="x",2,IF(P17="x",1,IF(Q17="x",0,""))))))))))))) -> 12
A18: Technical Documentation | B18: =Data!A46 -> 6.1 | C18: =Data!B46 -> Mechanical Design | D18: =Data!C46 -> Provides a mechanical description for the project design with sufficient detail for fabrication/manufacturing/assembly. The descriptions include tolerances, part numbering, and material specifications. Provides a manufacturing plan for each part. | E18: x | R18: =IF(E18="x",12,IF(F18="x",11,IF(G18="x",10,IF(H18="x",9,IF(I18="x",8,IF(J18="x",7,IF(K18="x",6,IF(L18="x",5,IF(M18="x",4,IF(N18="x",3,IF(O18="x",2,IF(P18="x",1,IF(Q18="x",0,""))))))))))))) -> 12 | S18: 1.5 | T18: =AVERAGE(R18:R22)*S18 -> 18
B19: =Data!A47 -> 6.2 | C19: =Data!B47 -> Electrical Design | D19: =Data!C47 -> Provides an electrical description for the project design with sufficient detail for fabrication/manufacturing/assembly. Provides complete circuit diagrams. Evaluates the results of circuit breadboards. Provides complete wiring diagrams including cables and connectors. Provides a PC board layout ready for production including mounting points. | E19: x | R19: =IF(E19="x",12,IF(F19="x",11,IF(G19="x",10,IF(H19="x",9,IF(I19="x",8,IF(J19="x",7,IF(K19="x",6,IF(L19="x",5,IF(M19="x",4,IF(N19="x",3,IF(O19="x",2,IF(P19="x",1,IF(Q19="x",0,""))))))))))))) -> 12
B20: =Data!A48 -> 6.3 | C20: =Data!B48 -> Software & Programming | D20: =Data!C48 -> Provides a description of the software for the project with sufficient detail for reproducibility and troubleshooting. Includes complete flow diagrams including links and operating interfaces. | E20: x | R20: =IF(E20="x",12,IF(F20="x",11,IF(G20="x",10,IF(H20="x",9,IF(I20="x",8,IF(J20="x",7,IF(K20="x",6,IF(L20="x",5,IF(M20="x",4,IF(N20="x",3,IF(O20="x",2,IF(P20="x",1,IF(Q20="x",0,""))))))))))))) -> 12
B21: =Data!A49 -> 6.4 | C21: =Data!B49 -> Technical Data Sheets | D21: =Data!C49 -> Introduce the equipment and purpose of use, and reference data sheet in Appendix. | E21: x | R21: =IF(E21="x",12,IF(F21="x",11,IF(G21="x",10,IF(H21="x",9,IF(I21="x",8,IF(J21="x",7,IF(K21="x",6,IF(L21="x",5,IF(M21="x",4,IF(N21="x",3,IF(O21="x",2,IF(P21="x",1,IF(Q21="x",0,""))))))))))))) -> 12
B22: =Data!A50 -> 6.5 | C22: =Data!B50 -> System Design Bill of Materials (BOM) | D22: =Data!C50 -> Provide a completed Design Bill of Materials table that defines each system grouping with its associated assemblies and individual parts fully defined. Each line item in the table has an identifiable part numbering system created by the team. | E22: x | R22: =IF(E22="x",12,IF(F22="x",11,IF(G22="x",10,IF(H22="x",9,IF(I22="x",8,IF(J22="x",7,IF(K22="x",6,IF(L22="x",5,IF(M22="x",4,IF(N22="x",3,IF(O22="x",2,IF(P22="x",1,IF(Q22="x",0,""))))))))))))) -> 12
A23: =Data!B61 -> Test Plan & Testing Phase | B23: =Data!A61 -> 9.1 | C23: =Data!_Toc121086323 -> Test Plan & Testing Phase | D23: =Data!C61 -> Well defined test plan appropriate to the expected level of testing. Testing requirements and test sequences developed and data recording methods identified. All test equipment and sensor needs have been identified and ordered. Clearly defined plan in place for the type of data analysis method(s) to be used. Test location Identified and outside resources identified and ready to support testing as needed. | E23: x | R23: =IF(E23="x",12,IF(F23="x",11,IF(G23="x",10,IF(H23="x",9,IF(I23="x",8,IF(J23="x",7,IF(K23="x",6,IF(L23="x",5,IF(M23="x",4,IF(N23="x",3,IF(O23="x",2,IF(P23="x",1,IF(Q23="x",0,""))))))))))))) -> 12 | S23: 1.5 | T23: =AVERAGE(R23:R24)*S23 -> 18
B24: =Data!A62 -> 9.2 | C24: =Data!B62 -> Test Results and Data Analysis | D24: =Data!C62 -> Captured test data properly documented and organized. Analysis of test data clearly justifies the final conclusions of the test efforts. | E24: x | R24: =IF(E24="x",12,IF(F24="x",11,IF(G24="x",10,IF(H24="x",9,IF(I24="x",8,IF(J24="x",7,IF(K24="x",6,IF(L24="x",5,IF(M24="x",4,IF(N24="x",3,IF(O24="x",2,IF(P24="x",1,IF(Q24="x",0,""))))))))))))) -> 12
A25: Prototype Development & Budget Plan | B25: =Data!A54 -> 8.1 | C25: =Data!B54 -> Parts Requisition | D25: =Data!C54 -> Parts ordering needs clearly defined. Parts Requisition Form filled in correctly and submitted. Summary table clearly defines all parts ordered. Parts delivery dates clearly defined. Copies of all forms submitted have been placed in Appendix A9. | E25: x | R25: =IF(E25="x",12,IF(F25="x",11,IF(G25="x",10,IF(H25="x",9,IF(I25="x",8,IF(J25="x",7,IF(K25="x",6,IF(L25="x",5,IF(M25="x",4,IF(N25="x",3,IF(O25="x",2,IF(P25="x",1,IF(Q25="x",0,""))))))))))))) -> 12 | S25: 1 | T25: =AVERAGE(R25:R29)*S25 -> 12
B26: =Data!A55 -> 8.2 | C26: =Data!B55 -> Fabrication Plan | D26: =Data!C55 -> Fabrication plan clearly defined. All special assembly or testing needs are described. Alternate build techniques and materials identified for costly or long lead-time components. Inspection plan clearly defined for all fabricated or purchased components. | E26: x | R26: =IF(E26="x",12,IF(F26="x",11,IF(G26="x",10,IF(H26="x",9,IF(I26="x",8,IF(J26="x",7,IF(K26="x",6,IF(L26="x",5,IF(M26="x",4,IF(N26="x",3,IF(O26="x",2,IF(P26="x",1,IF(Q26="x",0,""))))))))))))) -> 12
B27: =Data!A57 -> 8.4 | C27: =Data!B57 -> Established Project Budget | D27: =Data!C57 -> Describe the amount of funds that will be available to procure all necessary parts and materials to build your prototype. | E27: x | R27: =IF(E27="x",12,IF(F27="x",11,IF(G27="x",10,IF(H27="x",9,IF(I27="x",8,IF(J27="x",7,IF(K27="x",6,IF(L27="x",5,IF(M27="x",4,IF(N27="x",3,IF(O27="x",2,IF(P27="x",1,IF(Q27="x",0,""))))))))))))) -> 12
B28: =Data!A58 -> 8.5 | C28: =Data!B58 -> Prototype Parts Expense | D28: =Data!C58 -> Tabulate the total expenses for the various systems of your project, such as, ‘Mechanical Parts’, ‘Electrical Components’, ‘Supplies’, ‘Electrical Suppliers’, ‘Special Tools”, etc. | E28: x | R28: =IF(E28="x",12,IF(F28="x",11,IF(G28="x",10,IF(H28="x",9,IF(I28="x",8,IF(J28="x",7,IF(K28="x",6,IF(L28="x",5,IF(M28="x",4,IF(N28="x",3,IF(O28="x",2,IF(P28="x",1,IF(Q28="x",0,""))))))))))))) -> 12
B29: =Data!A59 -> 8.6 | C29: =Data!B59 -> Budget Summary | D29: =Data!C59 -> Provide a summary of the status of all expenses and available budget amounts. | E29: x | R29: =IF(E29="x",12,IF(F29="x",11,IF(G29="x",10,IF(H29="x",9,IF(I29="x",8,IF(J29="x",7,IF(K29="x",6,IF(L29="x",5,IF(M29="x",4,IF(N29="x",3,IF(O29="x",2,IF(P29="x",1,IF(Q29="x",0,""))))))))))))) -> 12
A30: Project Management | B30: =Data!A65 -> 10.1 | C30: =Data!B65 -> Project Schedule | D30: =Data!C65 -> Task descriptions contain an acceptable level of detail. Task predecessor links properly used with no open-ended tasks. Task progress bar properly used to indicate % completion status of active tasks. All tasks set to Auto-Schedule mode. All Resource Names added. Milestones identified and properly linked. All task flow in a chronological order. | E30: x | R30: =IF(E30="x",12,IF(F30="x",11,IF(G30="x",10,IF(H30="x",9,IF(I30="x",8,IF(J30="x",7,IF(K30="x",6,IF(L30="x",5,IF(M30="x",4,IF(N30="x",3,IF(O30="x",2,IF(P30="x",1,IF(Q30="x",0,""))))))))))))) -> 12 | S30: 0.5 | T30: =AVERAGE(R30:R31)*S30 -> 6
B31: =Data!A66 -> 10.2 | C31: =Data!B66 -> Gantt Charts & Critical Path | D31: =Data!C66&" 6 Tasks." -> Gantt Chart(s): Properly formatted to clearly define project status details and all information in the Gantt Charts is aligned with the Gate requirements. Task level information clearly indicates an appropriate level of detail. Chart types are properly created as defined in the Project Schedule Guidelines. Critical Path: MS Project able to calculate critical path based on existing tasks and predecessor structure. Clearly defined and shown using the Level 3 chart format. Gantt Charts content should be To gate 6 Tasks. | E31: x | R31: =IF(E31="x",12,IF(F31="x",11,IF(G31="x",10,IF(H31="x",9,IF(I31="x",8,IF(J31="x",7,IF(K31="x",6,IF(L31="x",5,IF(M31="x",4,IF(N31="x",3,IF(O31="x",2,IF(P31="x",1,IF(Q31="x",0,""))))))))))))) -> 12
A32: Report Quality | C32: =Data!B7 -> Formatting and References | D32: =Data!C7 -> Uses IEEE format to develop the Title Page, Table of Contents, Appendix, and Work Cited sections of this report. | E32: x | R32: =IF(E32="x",12,IF(F32="x",11,IF(G32="x",10,IF(H32="x",9,IF(I32="x",8,IF(J32="x",7,IF(K32="x",6,IF(L32="x",5,IF(M32="x",4,IF(N32="x",3,IF(O32="x",2,IF(P32="x",1,IF(Q32="x",0,""))))))))))))) -> 12 | S32: 1 | T32: =AVERAGE(R32:R34)*S32 -> 12
C33: =Data!B8 -> Text | D33: =Data!C8 -> Free of spelling and grammatical errors, text flows with contiguous threads, consistent format, use of 3rd person perspective, non-repeating ideas or information. | E33: x | R33: =IF(E33="x",12,IF(F33="x",11,IF(G33="x",10,IF(H33="x",9,IF(I33="x",8,IF(J33="x",7,IF(K33="x",6,IF(L33="x",5,IF(M33="x",4,IF(N33="x",3,IF(O33="x",2,IF(P33="x",1,IF(Q33="x",0,""))))))))))))) -> 12
C34: =Data!B9 -> Visual Aids | D34: =Data!C9 -> Visual aids (all figures including hand sketches, photos, charts, etc. and tables) are clear and readable and of professional quality. Graphic aspects labeled and linked to text to transmit critical information, units/scaling clear. Proper IEEE style utilized. | E34: x | R34: =IF(E34="x",12,IF(F34="x",11,IF(G34="x",10,IF(H34="x",9,IF(I34="x",8,IF(J34="x",7,IF(K34="x",6,IF(L34="x",5,IF(M34="x",4,IF(N34="x",3,IF(O34="x",2,IF(P34="x",1,IF(Q34="x",0,""))))))))))))) -> 12
B35: =Data!A75 -> A1 | C35: =Data!B75 -> Communication Plan | D35: =Data!C75 -> Communication Plan template fully filled in. Communication channels appear appropriate for the current team progress and level of communication occurring. Clearly defined descriptions of all portions of the plan. | E35: x | R35: =IF(E35="x",12,IF(F35="x",11,IF(G35="x",10,IF(H35="x",9,IF(I35="x",8,IF(J35="x",7,IF(K35="x",6,IF(L35="x",5,IF(M35="x",4,IF(N35="x",3,IF(O35="x",2,IF(P35="x",1,IF(Q35="x",0,""))))))))))))) -> 12 | S35: 0.5 | T35: =AVERAGE(R35:R44)*S35 -> 6
B36: =Data!A76 -> A2 | C36: =Data!B76 -> Team Member Bios | D36: =Data!C76 -> Describes each member's motivation to participate and succeed in this project. | E36: x | R36: =IF(E36="x",12,IF(F36="x",11,IF(G36="x",10,IF(H36="x",9,IF(I36="x",8,IF(J36="x",7,IF(K36="x",6,IF(L36="x",5,IF(M36="x",4,IF(N36="x",3,IF(O36="x",2,IF(P36="x",1,IF(Q36="x",0,""))))))))))))) -> 12
B37: =Data!A77 -> A3 | C37: =Data!B77 -> Down Selection Process | D37: =Data!C77 -> Copy of calculation results for each down selection analysis completed. | E37: x | R37: =IF(E37="x",12,IF(F37="x",11,IF(G37="x",10,IF(H37="x",9,IF(I37="x",8,IF(J37="x",7,IF(K37="x",6,IF(L37="x",5,IF(M37="x",4,IF(N37="x",3,IF(O37="x",2,IF(P37="x",1,IF(Q37="x",0,""))))))))))))) -> 12
B38: =Data!A78 -> A4 | C38: =Data!B78 -> Team Meeting Notes | D38: =Data!C78 -> Contains invitees, attendees, agenda, meeting notes, and task assignment with team member responsibilities clearly labeled. | E38: x | R38: =IF(E38="x",12,IF(F38="x",11,IF(G38="x",10,IF(H38="x",9,IF(I38="x",8,IF(J38="x",7,IF(K38="x",6,IF(L38="x",5,IF(M38="x",4,IF(N38="x",3,IF(O38="x",2,IF(P38="x",1,IF(Q38="x",0,""))))))))))))) -> 12
B39: =Data!A79 -> A5 | C39: =Data!B79 -> Mechanical Drawings | D39: =Data!C79 -> Provides a full engineering mechanical description and documentation for the project design in sufficient detail that the design could be manufactured/produced/assembled. | E39: x | R39: 12
B40: =Data!A80 -> A6 | C40: =Data!B80 -> Electrical Drawings | D40: =Data!C80 -> Provides a full engineering electrical description and documentation for the project design in sufficient detail that the design could be manufactured/produced/assembled. | E40: x | R40: =IF(E40="x",12,IF(F40="x",11,IF(G40="x",10,IF(H40="x",9,IF(I40="x",8,IF(J40="x",7,IF(K40="x",6,IF(L40="x",5,IF(M40="x",4,IF(N40="x",3,IF(O40="x",2,IF(P40="x",1,IF(Q40="x",0,""))))))))))))) -> 12
B41: =Data!A81 -> A7 | C41: =Data!B81 -> Software and Programming Files | D41: =Data!C81 -> Provides a full engineering software description and documentation for the project design in sufficient detail that the program can be reproduced. | E41: x | R41: =IF(E41="x",12,IF(F41="x",11,IF(G41="x",10,IF(H41="x",9,IF(I41="x",8,IF(J41="x",7,IF(K41="x",6,IF(L41="x",5,IF(M41="x",4,IF(N41="x",3,IF(O41="x",2,IF(P41="x",1,IF(Q41="x",0,""))))))))))))) -> 12
B42: =Data!A82 -> A8 | C42: =Data!B82 -> Technical Data Sheets | D42: =Data!C82 -> All manufacturers' data sheets attached. | E42: x | R42: =IF(E42="x",12,IF(F42="x",11,IF(G42="x",10,IF(H42="x",9,IF(I42="x",8,IF(J42="x",7,IF(K42="x",6,IF(L42="x",5,IF(M42="x",4,IF(N42="x",3,IF(O42="x",2,IF(P42="x",1,IF(Q42="x",0,""))))))))))))) -> 12
B43: =Data!A83 -> A9 | C43: =Data!B83 -> Failure Modes and Effects Analysis (FMEA)
B44: =Data!A84 -> A10 | C44: =Data!B84 -> Parts Requisition Forms | D44: =Data!C84 -> Contains copies of all parts requisition form submitted | E44: x | R44: =IF(E44="x",12,IF(F44="x",11,IF(G44="x",10,IF(H44="x",9,IF(I44="x",8,IF(J44="x",7,IF(K44="x",6,IF(L44="x",5,IF(M44="x",4,IF(N44="x",3,IF(O44="x",2,IF(P44="x",1,IF(Q44="x",0,""))))))))))))) -> 12
A45: Comments | R45: Total Points | T45: =SUM(T4:T44) -> 96
R46: Points Available | T46: 96
R47: Grade % | T47: =T45/T46 -> 1

Sheet G4.5D
A2: Gate 4.5 Demonstration Video
A3: Category | B3: Report Sec. # | C3: Title | D3: Requirements (Additional information provided in Guidelines_Report.doc) | E3: Meets Expectations (12) | F3: (11) | G3: (10) | H3: (9) | I3: (8) | J3: (7) | K3: (6) | L3: (5) | M3: (4) | N3: (3) | O3: (2) | P3: (1) | Q3: No Evidence (0) | R3: Score (0-12) | S3: Weight | T3: Avg. Score
A4: Overall Presentation | C4: =Data!B11 -> Oral Presentation Skill | D4: =Data!C11 -> Clear enunciation when discussing engineering design. All members are participating. Smooth transitions between topics and presenters. | E4: X | R4: =IF(E4="x",12,IF(F4="x",11,IF(G4="x",10,IF(H4="x",9,IF(I4="x",8,IF(J4="x",7,IF(K4="x",6,IF(L4="x",5,IF(M4="x",4,IF(N4="x",3,IF(O4="x",2,IF(P4="x",1,IF(Q4="x",0,""))))))))))))) -> 12 | S4: 1.5 | T4: =AVERAGE(R4:R6)*S4 -> 18
C5: =Data!B12 -> Audio / Visual Quality of Presentation | D5: =Data!C12 -> Figures and tables in engineering format, free of spelling and grammatical errors, data presented is well-organized and defined in tabular or graphical form. Annotations are used to describe key points of photos and graphics. All slides are labeled with page numbers and consistent formatting between slides. Audio quality good no background noise or distractions. | E5: X | R5: =IF(E5="x",12,IF(F5="x",11,IF(G5="x",10,IF(H5="x",9,IF(I5="x",8,IF(J5="x",7,IF(K5="x",6,IF(L5="x",5,IF(M5="x",4,IF(N5="x",3,IF(O5="x",2,IF(P5="x",1,IF(Q5="x",0,""))))))))))))) -> 12
C6: =Data!B13 -> References | D6: =Data!C13 -> References (in-text and bibliography) properly cited in IEEE style. Proper use of the Zotero citation management tool | E6: X | R6: =IF(E6="x",12,IF(F6="x",11,IF(G6="x",10,IF(H6="x",9,IF(I6="x",8,IF(J6="x",7,IF(K6="x",6,IF(L6="x",5,IF(M6="x",4,IF(N6="x",3,IF(O6="x",2,IF(P6="x",1,IF(Q6="x",0,""))))))))))))) -> 12
A7: Comments
A8: Project Definition | B8: =Data!A23 -> 1.1 | C8: =Data!B23 -> Problem Description | D8: =Data!C23 -> Includes context to the problem, reason for the problem, need for this project, defines who is impacted by the problem (customer / market) and how. | E8: X | R8: =IF(E8="x",12,IF(F8="x",11,IF(G8="x",10,IF(H8="x",9,IF(I8="x",8,IF(J8="x",7,IF(K8="x",6,IF(L8="x",5,IF(M8="x",4,IF(N8="x",3,IF(O8="x",2,IF(P8="x",1,IF(Q8="x",0,""))))))))))))) -> 12 | S8: 1.5 | T8: =AVERAGE(R8:R10)*S8 -> 18
B9: =Data!A24 -> 1.2 | C9: =Data!B24 -> Problem Statement | D9: =Data!C24 -> Describes the problem in technical detail and Quantifies the impact on the customer/market. Introduce critical performance metrics. Defines the end-user population (e.g., person, environment, or organization). | E9: X | R9: =IF(E9="x",12,IF(F9="x",11,IF(G9="x",10,IF(H9="x",9,IF(I9="x",8,IF(J9="x",7,IF(K9="x",6,IF(L9="x",5,IF(M9="x",4,IF(N9="x",3,IF(O9="x",2,IF(P9="x",1,IF(Q9="x",0,""))))))))))))) -> 12
B10: =Data!A25 -> 1.3 | C10: =Data!B25 -> Scope of Work | D10: =Data!C25 -> Describes the approach to solve this problem, the projected timeline plan, and the assumptions, limitations, and constraints of the project. Describes the services and/or materials to be obtained from the client. | E10: x | R10: =IF(E10="x",12,IF(F10="x",11,IF(G10="x",10,IF(H10="x",9,IF(I10="x",8,IF(J10="x",7,IF(K10="x",6,IF(L10="x",5,IF(M10="x",4,IF(N10="x",3,IF(O10="x",2,IF(P10="x",1,IF(Q10="x",0,""))))))))))))) -> 12
A11: Comments
A12: Project Research | B12: =Data!A28 -> 2.1 | C12: =Data!B28 -> Review of the Problem Area | D12: =Data!C28 -> Summarizes and synthesizes existing research to support the claims of the problem. Information gathered is technically sound and adequate, e.g., summarizes benchmarked prototypes, patents, research publications, etc. Properly cited work using IEEE style. Includes visual aids (e.g., figures, tables) and technical details to introduce the various claims and approaches published in literature. | E12: X | R12: =IF(E12="x",12,IF(F12="x",11,IF(G12="x",10,IF(H12="x",9,IF(I12="x",8,IF(J12="x",7,IF(K12="x",6,IF(L12="x",5,IF(M12="x",4,IF(N12="x",3,IF(O12="x",2,IF(P12="x",1,IF(Q12="x",0,""))))))))))))) -> 12 | S12: 1.5 | T12: =AVERAGE(R12:R13)*S12 -> 18
B13: =Data!A29 -> 2.2 | C13: =Data!B29 -> Review of State-of-the-Art | D13: =Data!C29 -> Introduces relevant products and technologies that exist in research or the market. Introduces appropriate metrics to describe the State-of-Art performance. | E13: X | R13: =IF(E13="x",12,IF(F13="x",11,IF(G13="x",10,IF(H13="x",9,IF(I13="x",8,IF(J13="x",7,IF(K13="x",6,IF(L13="x",5,IF(M13="x",4,IF(N13="x",3,IF(O13="x",2,IF(P13="x",1,IF(Q13="x",0,""))))))))))))) -> 12
A14: Comments
A15: Design Development | B15: =Data!A41 -> 5.4 | C15: =Data!B41 -> Final Design Description | D15: =Data!C41 -> Describes all aspects of the final design and how it meets the client's requirements. | E15: X | R15: =IF(E15="x",12,IF(F15="x",11,IF(G15="x",10,IF(H15="x",9,IF(I15="x",8,IF(J15="x",7,IF(K15="x",6,IF(L15="x",5,IF(M15="x",4,IF(N15="x",3,IF(O15="x",2,IF(P15="x",1,IF(Q15="x",0,""))))))))))))) -> 12 | S15: 1.5 | T15: =AVERAGE(R15:R16)*S15 -> 18
B16: =Data!A43 -> 5.6 | C16: =Data!B43 -> Mathematical Modeling (Lit review) | D16: =Data!C43 -> Define all analytical approaches to be used to support confirmation that your system design will meet the client requirements. | E16: X | R16: =IF(E16="x",12,IF(F16="x",11,IF(G16="x",10,IF(H16="x",9,IF(I16="x",8,IF(J16="x",7,IF(K16="x",6,IF(L16="x",5,IF(M16="x",4,IF(N16="x",3,IF(O16="x",2,IF(P16="x",1,IF(Q16="x",0,""))))))))))))) -> 12
A17: Comments
A18: Demonstration | C18: =Data!B14 -> Demo Video | D18: =Data!C14 -> Video uploaded into the proper location(s) | E18: X | R18: =IF(E18="x",12,IF(F18="x",11,IF(G18="x",10,IF(H18="x",9,IF(I18="x",8,IF(J18="x",7,IF(K18="x",6,IF(L18="x",5,IF(M18="x",4,IF(N18="x",3,IF(O18="x",2,IF(P18="x",1,IF(Q18="x",0,""))))))))))))) -> 12 | S18: 2 | T18: =AVERAGE(R18:R18)*S18 -> 24
A19: Comments | R19: Total Points | T19: =SUM(T4:T18) -> 96
R20: Points Available | T20: 96
R21: Grade % | T21: =T19/T20 -> 1

Sheet G5R
A2: Gate 5 Technical Report Rubric
A3: Category | B3: Report Sec. # | C3: Title | D3: Requirements (Additional information provided in Guidelines_Report.doc) | E3: Meets Expectations (12) | F3: (11) | G3: (10) | H3: (9) | I3: (8) | J3: (7) | K3: (6) | L3: (5) | M3: (4) | N3: (3) | O3: (2) | P3: (1) | Q3: No Evidence (0) | R3: Score (0-12) | S3: Weight | T3: Avg. Score
A4: Updated Sections based on feedback from Previous Gate(s) | B4: =Data!A6 -> ii | C4: =Data!B6 -> Executive Summary | D4: Updated for Gate 5 and based upon feedback from previous Gate Report. | H4: x | R4: =IF(E4="x",12,IF(F4="x",11,IF(G4="x",10,IF(H4="x",9,IF(I4="x",8,IF(J4="x",7,IF(K4="x",6,IF(L4="x",5,IF(M4="x",4,IF(N4="x",3,IF(O4="x",2,IF(P4="x",1,IF(Q4="x",0,""))))))))))))) -> 9 | S4: 1 | T4: =AVERAGE(R4:R13)*S4 -> 11.7
B5: =Data!A40 -> 5.3 | C5: =Data!B40 -> Down Selection Process | E5: x | R5: =IF(E5="x",12,IF(F5="x",11,IF(G5="x",10,IF(H5="x",9,IF(I5="x",8,IF(J5="x",7,IF(K5="x",6,IF(L5="x",5,IF(M5="x",4,IF(N5="x",3,IF(O5="x",2,IF(P5="x",1,IF(Q5="x",0,""))))))))))))) -> 12
B6: =Data!A41 -> 5.4 | C6: =Data!B41 -> Final Design Description | E6: x | R6: =IF(E6="x",12,IF(F6="x",11,IF(G6="x",10,IF(H6="x",9,IF(I6="x",8,IF(J6="x",7,IF(K6="x",6,IF(L6="x",5,IF(M6="x",4,IF(N6="x",3,IF(O6="x",2,IF(P6="x",1,IF(Q6="x",0,""))))))))))))) -> 12
B7: =Data!A42 -> 5.5 | C7: =Data!B42 -> Design Calculations & Analysis Results | E7: x | R7: =IF(E7="x",12,IF(F7="x",11,IF(G7="x",10,IF(H7="x",9,IF(I7="x",8,IF(J7="x",7,IF(K7="x",6,IF(L7="x",5,IF(M7="x",4,IF(N7="x",3,IF(O7="x",2,IF(P7="x",1,IF(Q7="x",0,""))))))))))))) -> 12
B8: =Data!A43 -> 5.6 | C8: =Data!B43 -> Mathematical Modeling (Lit review) | E8: x | R8: =IF(E8="x",12,IF(F8="x",11,IF(G8="x",10,IF(H8="x",9,IF(I8="x",8,IF(J8="x",7,IF(K8="x",6,IF(L8="x",5,IF(M8="x",4,IF(N8="x",3,IF(O8="x",2,IF(P8="x",1,IF(Q8="x",0,""))))))))))))) -> 12
B9: =Data!A50 -> 6.5 | C9: =Data!B50 -> System Design Bill of Materials (BOM) | E9: x | R9: =IF(E9="x",12,IF(F9="x",11,IF(G9="x",10,IF(H9="x",9,IF(I9="x",8,IF(J9="x",7,IF(K9="x",6,IF(L9="x",5,IF(M9="x",4,IF(N9="x",3,IF(O9="x",2,IF(P9="x",1,IF(Q9="x",0,""))))))))))))) -> 12
B10: =Data!A52 -> 7.1 | C10: =Data!B52 -> Failure Modes and Effects Analysis (FMEA) | E10: x | R10: =IF(E10="x",12,IF(F10="x",11,IF(G10="x",10,IF(H10="x",9,IF(I10="x",8,IF(J10="x",7,IF(K10="x",6,IF(L10="x",5,IF(M10="x",4,IF(N10="x",3,IF(O10="x",2,IF(P10="x",1,IF(Q10="x",0,""))))))))))))) -> 12
B11: =Data!A54 -> 8.1 | C11: =Data!B54 -> Parts Requisition | E11: x | R11: =IF(E11="x",12,IF(F11="x",11,IF(G11="x",10,IF(H11="x",9,IF(I11="x",8,IF(J11="x",7,IF(K11="x",6,IF(L11="x",5,IF(M11="x",4,IF(N11="x",3,IF(O11="x",2,IF(P11="x",1,IF(Q11="x",0,""))))))))))))) -> 12
B12: =Data!A55 -> 8.2 | C12: =Data!B55 -> Fabrication Plan | E12: x | R12: =IF(E12="x",12,IF(F12="x",11,IF(G12="x",10,IF(H12="x",9,IF(I12="x",8,IF(J12="x",7,IF(K12="x",6,IF(L12="x",5,IF(M12="x",4,IF(N12="x",3,IF(O12="x",2,IF(P12="x",1,IF(Q12="x",0,""))))))))))))) -> 12
B13: =Data!A67 -> 10.3 | C13: =Data!B67 -> MS Teams File Documentation | E13: x | R13: =IF(E13="x",12,IF(F13="x",11,IF(G13="x",10,IF(H13="x",9,IF(I13="x",8,IF(J13="x",7,IF(K13="x",6,IF(L13="x",5,IF(M13="x",4,IF(N13="x",3,IF(O13="x",2,IF(P13="x",1,IF(Q13="x",0,""))))))))))))) -> 12
A14: Technical Documentation | B14: =Data!A46 -> 6.1 | C14: =Data!B46 -> Mechanical Design | D14: =Data!C46 -> Provides a mechanical description for the project design with sufficient detail for fabrication/manufacturing/assembly. The descriptions include tolerances, part numbering, and material specifications. Provides a manufacturing plan for each part. | E14: x | R14: =IF(E14="x",12,IF(F14="x",11,IF(G14="x",10,IF(H14="x",9,IF(I14="x",8,IF(J14="x",7,IF(K14="x",6,IF(L14="x",5,IF(M14="x",4,IF(N14="x",3,IF(O14="x",2,IF(P14="x",1,IF(Q14="x",0,""))))))))))))) -> 12 | S14: 1 | T14: =AVERAGE(R14:R17)*S14 -> 12
B15: =Data!A47 -> 6.2 | C15: =Data!B47 -> Electrical Design | D15: =Data!C47 -> Provides an electrical description for the project design with sufficient detail for fabrication/manufacturing/assembly. Provides complete circuit diagrams. Evaluates the results of circuit breadboards. Provides complete wiring diagrams including cables and connectors. Provides a PC board layout ready for production including mounting points. | E15: x | R15: =IF(E15="x",12,IF(F15="x",11,IF(G15="x",10,IF(H15="x",9,IF(I15="x",8,IF(J15="x",7,IF(K15="x",6,IF(L15="x",5,IF(M15="x",4,IF(N15="x",3,IF(O15="x",2,IF(P15="x",1,IF(Q15="x",0,""))))))))))))) -> 12
B16: =Data!A48 -> 6.3 | C16: =Data!B48 -> Software & Programming | D16: =Data!C48 -> Provides a description of the software for the project with sufficient detail for reproducibility and troubleshooting. Includes complete flow diagrams including links and operating interfaces. | E16: x | R16: =IF(E16="x",12,IF(F16="x",11,IF(G16="x",10,IF(H16="x",9,IF(I16="x",8,IF(J16="x",7,IF(K16="x",6,IF(L16="x",5,IF(M16="x",4,IF(N16="x",3,IF(O16="x",2,IF(P16="x",1,IF(Q16="x",0,""))))))))))))) -> 12
B17: =Data!A49 -> 6.4 | C17: =Data!B49 -> Technical Data Sheets | D17: =Data!C49 -> Introduce the equipment and purpose of use, and reference data sheet in Appendix. | E17: x | R17: =IF(E17="x",12,IF(F17="x",11,IF(G17="x",10,IF(H17="x",9,IF(I17="x",8,IF(J17="x",7,IF(K17="x",6,IF(L17="x",5,IF(M17="x",4,IF(N17="x",3,IF(O17="x",2,IF(P17="x",1,IF(Q17="x",0,""))))))))))))) -> 12
A18: FMEA | B18: =Data!A52 -> 7.1 | C18: =Data!B52 -> Failure Modes and Effects Analysis (FMEA) | D18: =Data!C52 -> Provide a Failure Modes and Effects Analysis (FMEA) with discussion of results. Components used for the device should be included. Tooling test equipment should not be included. style. Include the appropriate level of visual aids (e.g., figures, tables) and technical detail to clearly define the various approaches researched. | E18: x | R18: =IF(E18="x",12,IF(F18="x",11,IF(G18="x",10,IF(H18="x",9,IF(I18="x",8,IF(J18="x",7,IF(K18="x",6,IF(L18="x",5,IF(M18="x",4,IF(N18="x",3,IF(O18="x",2,IF(P18="x",1,IF(Q18="x",0,""))))))))))))) -> 12 | S18: 1 | T18: =AVERAGE(R18:R18)*S18 -> 12
A19: Prototype Development | B19: =Data!A56 -> 8.3 | C19: =Data!B56 -> As Built / Implemented Documentation | D19: =Data!C56 -> Describe the differences between the 'as built' design vs. the intended design features. Provide sketches and/or CAD models as visual aids to support your description of the design differences. Explain how the as built prototype features may impact capturing data during the testing phase. Define any test plan modifications needed to capture your data. | E19: x | R19: =IF(E19="x",12,IF(F19="x",11,IF(G19="x",10,IF(H19="x",9,IF(I19="x",8,IF(J19="x",7,IF(K19="x",6,IF(L19="x",5,IF(M19="x",4,IF(N19="x",3,IF(O19="x",2,IF(P19="x",1,IF(Q19="x",0,""))))))))))))) -> 12 | S19: 1 | T19: =AVERAGE(R19:R19)*S19 -> 12
A20: Test and Evaluation | B20: =Data!A61 -> 9.1 | C20: =Data!B61 -> Test Plan & Testing Phase | D20: =Data!C61 -> Well defined test plan appropriate to the expected level of testing. Testing requirements and test sequences developed and data recording methods identified. All test equipment and sensor needs have been identified and ordered. Clearly defined plan in place for the type of data analysis method(s) to be used. Test location Identified and outside resources identified and ready to support testing as needed. | E20: x | R20: =IF(E20="x",12,IF(F20="x",11,IF(G20="x",10,IF(H20="x",9,IF(I20="x",8,IF(J20="x",7,IF(K20="x",6,IF(L20="x",5,IF(M20="x",4,IF(N20="x",3,IF(O20="x",2,IF(P20="x",1,IF(Q20="x",0,""))))))))))))) -> 12 | S20: 2 | T20: =AVERAGE(R20:R22)*S20 -> 24
B21: =Data!A62 -> 9.2 | C21: =Data!B62 -> Test Results and Data Analysis | D21: =Data!C62 -> Captured test data properly documented and organized. Analysis of test data clearly justifies the final conclusions of the test efforts. | E21: x | R21: =IF(E21="x",12,IF(F21="x",11,IF(G21="x",10,IF(H21="x",9,IF(I21="x",8,IF(J21="x",7,IF(K21="x",6,IF(L21="x",5,IF(M21="x",4,IF(N21="x",3,IF(O21="x",2,IF(P21="x",1,IF(Q21="x",0,""))))))))))))) -> 12
B22: =Data!A63 -> 9.3 | C22: =Data!B63 -> Corrective Action Plan (if needed) | D22: =Data!C63 -> If a product performance deficiency is found during test data analysis, create a detailed Corrective Action Plan that describes each deficiency found and how it will impact meeting the client requirements, deliverables, and your project schedule. This action plan should be thoroughly reviewed and approved by the client. | E22: x | R22: =IF(E22="x",12,IF(F22="x",11,IF(G22="x",10,IF(H22="x",9,IF(I22="x",8,IF(J22="x",7,IF(K22="x",6,IF(L22="x",5,IF(M22="x",4,IF(N22="x",3,IF(O22="x",2,IF(P22="x",1,IF(Q22="x",0,""))))))))))))) -> 12
A23: Project Management | B23: =Data!A65 -> 10.1 | C23: =Data!B65 -> Project Schedule | D23: =Data!C65 -> Task descriptions contain an acceptable level of detail. Task predecessor links properly used with no open-ended tasks. Task progress bar properly used to indicate % completion status of active tasks. All tasks set to Auto-Schedule mode. All Resource Names added. Milestones identified and properly linked. All task flow in a chronological order. | E23: x | R23: =IF(E23="x",12,IF(F23="x",11,IF(G23="x",10,IF(H23="x",9,IF(I23="x",8,IF(J23="x",7,IF(K23="x",6,IF(L23="x",5,IF(M23="x",4,IF(N23="x",3,IF(O23="x",2,IF(P23="x",1,IF(Q23="x",0,""))))))))))))) -> 12 | S23: 0.5 | T23: =AVERAGE(R23:R24)*S23 -> 6
B24: =Data!A66 -> 10.2 | C24: =Data!B66 -> Gantt Charts & Critical Path | D24: =Data!C66&"6 Tasks." -> Gantt Chart(s): Properly formatted to clearly define project status details and all information in the Gantt Charts is aligned with the Gate requirements. Task level information clearly indicates an appropriate level of detail. Chart types are properly created as defined in the Project Schedule Guidelines. Critical Path: MS Project able to calculate critical path based on existing tasks and predecessor structure. Clearly defined and shown using the Level 3 chart format. Gantt Charts content should be To gate 6 Tasks. | E24: x | R24: =IF(E24="x",12,IF(F24="x",11,IF(G24="x",10,IF(H24="x",9,IF(I24="x",8,IF(J24="x",7,IF(K24="x",6,IF(L24="x",5,IF(M24="x",4,IF(N24="x",3,IF(O24="x",2,IF(P24="x",1,IF(Q24="x",0,""))))))))))))) -> 12
A25: Report Quality | C25: =Data!B7 -> Formatting and References | D25: =Data!C7 -> Uses IEEE format to develop the Title Page, Table of Contents, Appendix, and Work Cited sections of this report. | E25: x | R25: =IF(E25="x",12,IF(F25="x",11,IF(G25="x",10,IF(H25="x",9,IF(I25="x",8,IF(J25="x",7,IF(K25="x",6,IF(L25="x",5,IF(M25="x",4,IF(N25="x",3,IF(O25="x",2,IF(P25="x",1,IF(Q25="x",0,""))))))))))))) -> 12 | S25: 1 | T25: =AVERAGE(R25:R27)*S25 -> 12
C26: =Data!B8 -> Text | D26: =Data!C8 -> Free of spelling and grammatical errors, text flows with contiguous threads, consistent format, use of 3rd person perspective, non-repeating ideas or information. | E26: x | R26: =IF(E26="x",12,IF(F26="x",11,IF(G26="x",10,IF(H26="x",9,IF(I26="x",8,IF(J26="x",7,IF(K26="x",6,IF(L26="x",5,IF(M26="x",4,IF(N26="x",3,IF(O26="x",2,IF(P26="x",1,IF(Q26="x",0,""))))))))))))) -> 12
C27: =Data!B9 -> Visual Aids | D27: =Data!C9 -> Visual aids (all figures including hand sketches, photos, charts, etc. and tables) are clear and readable and of professional quality. Graphic aspects labeled and linked to text to transmit critical information, units/scaling clear. Proper IEEE style utilized. | E27: x | R27: =IF(E27="x",12,IF(F27="x",11,IF(G27="x",10,IF(H27="x",9,IF(I27="x",8,IF(J27="x",7,IF(K27="x",6,IF(L27="x",5,IF(M27="x",4,IF(N27="x",3,IF(O27="x",2,IF(P27="x",1,IF(Q27="x",0,""))))))))))))) -> 12
B28: =Data!A79 -> A5 | C28: =Data!B79 -> Mechanical Drawings | D28: =Data!C79 -> Provides a full engineering mechanical description and documentation for the project design in sufficient detail that the design could be manufactured/produced/assembled. | E28: x | R28: =IF(E28="x",12,IF(F28="x",11,IF(G28="x",10,IF(H28="x",9,IF(I28="x",8,IF(J28="x",7,IF(K28="x",6,IF(L28="x",5,IF(M28="x",4,IF(N28="x",3,IF(O28="x",2,IF(P28="x",1,IF(Q28="x",0,""))))))))))))) -> 12 | S28: 0.5 | T28: =AVERAGE(R28:R33)*S28 -> 6
B29: =Data!A80 -> A6 | C29: =Data!B80 -> Electrical Drawings | D29: =Data!C80 -> Provides a full engineering electrical description and documentation for the project design in sufficient detail that the design could be manufactured/produced/assembled. | E29: x | R29: 12
B30: =Data!A81 -> A7 | C30: =Data!B81 -> Software and Programming Files | D30: =Data!C81 -> Provides a full engineering software description and documentation for the project design in sufficient detail that the program can be reproduced. | E30: x | R30: =IF(E30="x",12,IF(F30="x",11,IF(G30="x",10,IF(H30="x",9,IF(I30="x",8,IF(J30="x",7,IF(K30="x",6,IF(L30="x",5,IF(M30="x",4,IF(N30="x",3,IF(O30="x",2,IF(P30="x",1,IF(Q30="x",0,""))))))))))))) -> 12
B31: =Data!A82 -> A8 | C31: =Data!B82 -> Technical Data Sheets | D31: =Data!C82 -> All manufacturers' data sheets attached. | E31: x | R31: =IF(E31="x",12,IF(F31="x",11,IF(G31="x",10,IF(H31="x",9,IF(I31="x",8,IF(J31="x",7,IF(K31="x",6,IF(L31="x",5,IF(M31="x",4,IF(N31="x",3,IF(O31="x",2,IF(P31="x",1,IF(Q31="x",0,""))))))))))))) -> 12
B32: =Data!A83 -> A9 | C32: =Data!B83 -> Failure Modes and Effects Analysis (FMEA) | D32: =Data!C83 -> Attach the FMEA in the Appendix | E32: x | R32: =IF(E32="x",12,IF(F32="x",11,IF(G32="x",10,IF(H32="x",9,IF(I32="x",8,IF(J32="x",7,IF(K32="x",6,IF(L32="x",5,IF(M32="x",4,IF(N32="x",3,IF(O32="x",2,IF(P32="x",1,IF(Q32="x",0,""))))))))))))) -> 12
B33: =Data!A84 -> A10 | C33: =Data!B84 -> Parts Requisition Forms | D33: =Data!C84 -> Contains copies of all parts requisition form submitted | E33: x | R33: =IF(E33="x",12,IF(F33="x",11,IF(G33="x",10,IF(H33="x",9,IF(I33="x",8,IF(J33="x",7,IF(K33="x",6,IF(L33="x",5,IF(M33="x",4,IF(N33="x",3,IF(O33="x",2,IF(P33="x",1,IF(Q33="x",0,""))))))))))))) -> 12
A34: Comments | R34: Total Points | T34: =SUM(T4:T33) -> 95.7
R35: Points Available | T35: 96
R36: Grade % | T36: =T34/T35 -> 0.996875

Sheet G5.5D
A2: Gate 5.5 Demonstration Video
A3: Category | B3: Report Sec. # | C3: Title | D3: Requirements (Additional information provided in Guidelines_Report.doc) | E3: Meets Expectations (12) | F3: (11) | G3: (10) | H3: (9) | I3: (8) | J3: (7) | K3: (6) | L3: (5) | M3: (4) | N3: (3) | O3: (2) | P3: (1) | Q3: No Evidence (0) | R3: Score (0-12) | S3: Weight | T3: Avg. Score
A4: Overall Presentation | C4: =Data!B11 -> Oral Presentation Skill | D4: =Data!C11 -> Clear enunciation when discussing engineering design. All members are participating. Smooth transitions between topics and presenters. | E4: x | R4: =IF(E4="x",12,IF(F4="x",11,IF(G4="x",10,IF(H4="x",9,IF(I4="x",8,IF(J4="x",7,IF(K4="x",6,IF(L4="x",5,IF(M4="x",4,IF(N4="x",3,IF(O4="x",2,IF(P4="x",1,IF(Q4="x",0,""))))))))))))) -> 12 | S4: 1.5 | T4: =AVERAGE(R4:R6)*S4 -> 18
C5: =Data!B12 -> Audio / Visual Quality of Presentation | D5: =Data!C12 -> Figures and tables in engineering format, free of spelling and grammatical errors, data presented is well-organized and defined in tabular or graphical form. Annotations are used to describe key points of photos and graphics. All slides are labeled with page numbers and consistent formatting between slides. Audio quality good no background noise or distractions. | E5: x | R5: =IF(E5="x",12,IF(F5="x",11,IF(G5="x",10,IF(H5="x",9,IF(I5="x",8,IF(J5="x",7,IF(K5="x",6,IF(L5="x",5,IF(M5="x",4,IF(N5="x",3,IF(O5="x",2,IF(P5="x",1,IF(Q5="x",0,""))))))))))))) -> 12
C6: =Data!B13 -> References | D6: =Data!C13 -> References (in-text and bibliography) properly cited in IEEE style. Proper use of the Zotero citation management tool | E6: x | R6: =IF(E6="x",12,IF(F6="x",11,IF(G6="x",10,IF(H6="x",9,IF(I6="x",8,IF(J6="x",7,IF(K6="x",6,IF(L6="x",5,IF(M6="x",4,IF(N6="x",3,IF(O6="x",2,IF(P6="x",1,IF(Q6="x",0,""))))))))))))) -> 12
A7: Comments
A8: Project Definition | B8: =Data!A23 -> 1.1 | C8: =Data!B23 -> Problem Description | D8: =Data!C23 -> Includes context to the problem, reason for the problem, need for this project, defines who is impacted by the problem (customer / market) and how. | E8: x | R8: =IF(E8="x",12,IF(F8="x",11,IF(G8="x",10,IF(H8="x",9,IF(I8="x",8,IF(J8="x",7,IF(K8="x",6,IF(L8="x",5,IF(M8="x",4,IF(N8="x",3,IF(O8="x",2,IF(P8="x",1,IF(Q8="x",0,""))))))))))))) -> 12 | S8: 1.5 | T8: =AVERAGE(R8:R10)*S8 -> 18
B9: =Data!A24 -> 1.2 | C9: =Data!B24 -> Problem Statement | D9: =Data!C24 -> Describes the problem in technical detail and Quantifies the impact on the customer/market. Introduce critical performance metrics. Defines the end-user population (e.g., person, environment, or organization). | E9: x | R9: =IF(E9="x",12,IF(F9="x",11,IF(G9="x",10,IF(H9="x",9,IF(I9="x",8,IF(J9="x",7,IF(K9="x",6,IF(L9="x",5,IF(M9="x",4,IF(N9="x",3,IF(O9="x",2,IF(P9="x",1,IF(Q9="x",0,""))))))))))))) -> 12
B10: =Data!A25 -> 1.3 | C10: =Data!B25 -> Scope of Work | D10: =Data!C25 -> Describes the approach to solve this problem, the projected timeline plan, and the assumptions, limitations, and constraints of the project. Describes the services and/or materials to be obtained from the client. | E10: x | R10: =IF(E10="x",12,IF(F10="x",11,IF(G10="x",10,IF(H10="x",9,IF(I10="x",8,IF(J10="x",7,IF(K10="x",6,IF(L10="x",5,IF(M10="x",4,IF(N10="x",3,IF(O10="x",2,IF(P10="x",1,IF(Q10="x",0,""))))))))))))) -> 12
A11: Comments
A12: Design Development | C12: =Data!B21 -> Design Evolution | D12: =Data!C21 -> Presents the evolution of your design by illustrating the developments made throughout the exploratory/conceptual/down-selection design phases. Points out the strengths and weaknesses of each design. Provides evidence to validate the concept selection. | E12: x | R12: =IF(E12="x",12,IF(F12="x",11,IF(G12="x",10,IF(H12="x",9,IF(I12="x",8,IF(J12="x",7,IF(K12="x",6,IF(L12="x",5,IF(M12="x",4,IF(N12="x",3,IF(O12="x",2,IF(P12="x",1,IF(Q12="x",0,""))))))))))))) -> 12 | S12: 1.5 | T12: =AVERAGE(R12:R13)*S12 -> 18
B13: =Data!A41 -> 5.4 | C13: =Data!B41 -> Final Design Description | D13: =Data!C41 -> Describes all aspects of the final design and how it meets the client's requirements. | E13: x | R13: =IF(E13="x",12,IF(F13="x",11,IF(G13="x",10,IF(H13="x",9,IF(I13="x",8,IF(J13="x",7,IF(K13="x",6,IF(L13="x",5,IF(M13="x",4,IF(N13="x",3,IF(O13="x",2,IF(P13="x",1,IF(Q13="x",0,""))))))))))))) -> 12
A14: Comments
A15: Results & Conclusions | C15: =Data!B16 -> Comparison of results | D15: =Data!C16 -> Compare your experimental results to the theory. Describe the mathematical model(s) used to predict product performance (e.g., FEA, Electrical simulations, Mechanical analysis). Describe the experiments and measurements that support the design methodology. | E15: x | R15: =IF(E15="x",12,IF(F15="x",11,IF(G15="x",10,IF(H15="x",9,IF(I15="x",8,IF(J15="x",7,IF(K15="x",6,IF(L15="x",5,IF(M15="x",4,IF(N15="x",3,IF(O15="x",2,IF(P15="x",1,IF(Q15="x",0,""))))))))))))) -> 12 | S15: 1.5 | T15: =AVERAGE(R15:R17)*S15 -> 18
B16: =Data!A70 -> 11.2 | C16: =Data!B70 -> Lessons Learned | D16: =Data!C70 -> List most important lessons learned by sharing experiences of how new and improved techniques or processes were developed and how they were instrumental in achieving your design requirements. | E16: X | R16: =IF(E16="x",12,IF(F16="x",11,IF(G16="x",10,IF(H16="x",9,IF(I16="x",8,IF(J16="x",7,IF(K16="x",6,IF(L16="x",5,IF(M16="x",4,IF(N16="x",3,IF(O16="x",2,IF(P16="x",1,IF(Q16="x",0,""))))))))))))) -> 12
B17: =Data!A71 -> 11.3 | C17: =Data!B71 -> Recommendations | D17: =Data!C71 -> Describe all team recommendations with enough detail to best direct your client to initiate future action within their company. Create a table or bullet list summarizing the details of each recommendation. | E17: X | R17: =IF(E17="x",12,IF(F17="x",11,IF(G17="x",10,IF(H17="x",9,IF(I17="x",8,IF(J17="x",7,IF(K17="x",6,IF(L17="x",5,IF(M17="x",4,IF(N17="x",3,IF(O17="x",2,IF(P17="x",1,IF(Q17="x",0,""))))))))))))) -> 12
A18: Comments
A19: Demonstration | C19: =Data!B14 -> Demo Video | D19: =Data!C14 -> Video uploaded into the proper location(s) | E19: x | R19: =IF(E19="x",12,IF(F19="x",11,IF(G19="x",10,IF(H19="x",9,IF(I19="x",8,IF(J19="x",7,IF(K19="x",6,IF(L19="x",5,IF(M19="x",4,IF(N19="x",3,IF(O19="x",2,IF(P19="x",1,IF(Q19="x",0,""))))))))))))) -> 12 | S19: 2 | T19: =AVERAGE(R19:R19)*S19 -> 24
A20: Comments | R20: Total Points | T20: =SUM(T4:T19) -> 96
R21: Points Available | T21: 96
R22: Grade % | T22: =T20/T21 -> 1

Sheet G6R
A2: Gate 6 Technical Report Rubric
A3: Category | B3: Report Sec. # | C3: Title | D3: Requirements (Additional information provided in Guidelines_Report.doc) | E3: Meets Expectations (12) | F3: (11) | G3: (10) | H3: (9) | I3: (8) | J3: (7) | K3: (6) | L3: (5) | M3: (4) | N3: (3) | O3: (2) | P3: (1) | Q3: No Evidence (0) | R3: Score (0-12) | S3: Weight | T3: Avg. Score
A4: Updated Sections based on feedback from Previous Gate(s) | B4: =Data!A6 -> ii | C4: =Data!B6 -> Executive Summary | D4: Updated for Gate 6 and based upon feedback from previous Gate Report. | E4: x | R4: =IF(E4="x",12,IF(F4="x",11,IF(G4="x",10,IF(H4="x",9,IF(I4="x",8,IF(J4="x",7,IF(K4="x",6,IF(L4="x",5,IF(M4="x",4,IF(N4="x",3,IF(O4="x",2,IF(P4="x",1,IF(Q4="x",0,""))))))))))))) -> 12 | S4: 1 | T4: =AVERAGE(R4:R6)*S4 -> 12
B5: =Data!A56 -> 8.3 | C5: =Data!B56 -> As Built / Implemented Documentation | E5: x | R5: =IF(E5="x",12,IF(F5="x",11,IF(G5="x",10,IF(H5="x",9,IF(I5="x",8,IF(J5="x",7,IF(K5="x",6,IF(L5="x",5,IF(M5="x",4,IF(N5="x",3,IF(O5="x",2,IF(P5="x",1,IF(Q5="x",0,""))))))))))))) -> 12
B6: =Data!A67 -> 10.3 | C6: =Data!B67 -> MS Teams File Documentation | E6: x | R6: =IF(E6="x",12,IF(F6="x",11,IF(G6="x",10,IF(H6="x",9,IF(I6="x",8,IF(J6="x",7,IF(K6="x",6,IF(L6="x",5,IF(M6="x",4,IF(N6="x",3,IF(O6="x",2,IF(P6="x",1,IF(Q6="x",0,""))))))))))))) -> 12
A7: Technical Documentation | B7: =Data!A46 -> 6.1 | C7: =Data!B46 -> Mechanical Design | D7: =Data!C46 -> Provides a mechanical description for the project design with sufficient detail for fabrication/manufacturing/assembly. The descriptions include tolerances, part numbering, and material specifications. Provides a manufacturing plan for each part. | E7: x | R7: =IF(E7="x",12,IF(F7="x",11,IF(G7="x",10,IF(H7="x",9,IF(I7="x",8,IF(J7="x",7,IF(K7="x",6,IF(L7="x",5,IF(M7="x",4,IF(N7="x",3,IF(O7="x",2,IF(P7="x",1,IF(Q7="x",0,""))))))))))))) -> 12 | S7: 1 | T7: =AVERAGE(R7:R10)*S7 -> 12
B8: =Data!A47 -> 6.2 | C8: =Data!B47 -> Electrical Design | D8: =Data!C47 -> Provides an electrical description for the project design with sufficient detail for fabrication/manufacturing/assembly. Provides complete circuit diagrams. Evaluates the results of circuit breadboards. Provides complete wiring diagrams including cables and connectors. Provides a PC board layout ready for production including mounting points. | E8: x | R8: =IF(E8="x",12,IF(F8="x",11,IF(G8="x",10,IF(H8="x",9,IF(I8="x",8,IF(J8="x",7,IF(K8="x",6,IF(L8="x",5,IF(M8="x",4,IF(N8="x",3,IF(O8="x",2,IF(P8="x",1,IF(Q8="x",0,""))))))))))))) -> 12
B9: =Data!A48 -> 6.3 | C9: =Data!B48 -> Software & Programming | D9: =Data!C48 -> Provides a description of the software for the project with sufficient detail for reproducibility and troubleshooting. Includes complete flow diagrams including links and operating interfaces. | E9: x | R9: =IF(E9="x",12,IF(F9="x",11,IF(G9="x",10,IF(H9="x",9,IF(I9="x",8,IF(J9="x",7,IF(K9="x",6,IF(L9="x",5,IF(M9="x",4,IF(N9="x",3,IF(O9="x",2,IF(P9="x",1,IF(Q9="x",0,""))))))))))))) -> 12
B10: =Data!A49 -> 6.4 | C10: =Data!B49 -> Technical Data Sheets | D10: =Data!C49 -> Introduce the equipment and purpose of use, and reference data sheet in Appendix. | E10: x | R10: =IF(E10="x",12,IF(F10="x",11,IF(G10="x",10,IF(H10="x",9,IF(I10="x",8,IF(J10="x",7,IF(K10="x",6,IF(L10="x",5,IF(M10="x",4,IF(N10="x",3,IF(O10="x",2,IF(P10="x",1,IF(Q10="x",0,""))))))))))))) -> 12
A11: Test and Evaluation | B11: =Data!A61 -> 9.1 | C11: =Data!B61 -> Test Plan & Testing Phase | D11: =Data!C61 -> Well defined test plan appropriate to the expected level of testing. Testing requirements and test sequences developed and data recording methods identified. All test equipment and sensor needs have been identified and ordered. Clearly defined plan in place for the type of data analysis method(s) to be used. Test location Identified and outside resources identified and ready to support testing as needed. | E11: x | R11: =IF(E11="x",12,IF(F11="x",11,IF(G11="x",10,IF(H11="x",9,IF(I11="x",8,IF(J11="x",7,IF(K11="x",6,IF(L11="x",5,IF(M11="x",4,IF(N11="x",3,IF(O11="x",2,IF(P11="x",1,IF(Q11="x",0,""))))))))))))) -> 12 | S11: 1 | T11: =AVERAGE(R11:R13)*S11 -> 12
B12: =Data!A62 -> 9.2 | C12: =Data!B62 -> Test Results and Data Analysis | D12: =Data!C62 -> Captured test data properly documented and organized. Analysis of test data clearly justifies the final conclusions of the test efforts. | E12: x | R12: =IF(E12="x",12,IF(F12="x",11,IF(G12="x",10,IF(H12="x",9,IF(I12="x",8,IF(J12="x",7,IF(K12="x",6,IF(L12="x",5,IF(M12="x",4,IF(N12="x",3,IF(O12="x",2,IF(P12="x",1,IF(Q12="x",0,""))))))))))))) -> 12
B13: =Data!A63 -> 9.3 | C13: =Data!B63 -> Corrective Action Plan (if needed) | D13: =Data!C63 -> If a product performance deficiency is found during test data analysis, create a detailed Corrective Action Plan that describes each deficiency found and how it will impact meeting the client requirements, deliverables, and your project schedule. This action plan should be thoroughly reviewed and approved by the client. | E13: x | R13: =IF(E13="x",12,IF(F13="x",11,IF(G13="x",10,IF(H13="x",9,IF(I13="x",8,IF(J13="x",7,IF(K13="x",6,IF(L13="x",5,IF(M13="x",4,IF(N13="x",3,IF(O13="x",2,IF(P13="x",1,IF(Q13="x",0,""))))))))))))) -> 12
A14: Project Management | B14: =Data!A65 -> 10.1 | C14: =Data!B65 -> Project Schedule | D14: =Data!C65 -> Task descriptions contain an acceptable level of detail. Task predecessor links properly used with no open-ended tasks. Task progress bar properly used to indicate % completion status of active tasks. All tasks set to Auto-Schedule mode. All Resource Names added. Milestones identified and properly linked. All task flow in a chronological order. | E14: x | R14: =IF(E14="x",12,IF(F14="x",11,IF(G14="x",10,IF(H14="x",9,IF(I14="x",8,IF(J14="x",7,IF(K14="x",6,IF(L14="x",5,IF(M14="x",4,IF(N14="x",3,IF(O14="x",2,IF(P14="x",1,IF(Q14="x",0,""))))))))))))) -> 12 | S14: 1 | T14: =AVERAGE(R14:R15)*S14 -> 12
B15: =Data!A66 -> 10.2 | C15: =Data!B66 -> Gantt Charts & Critical Path | D15: =Data!C66&" Level 2 from Gate 1 through Gate 6" -> Gantt Chart(s): Properly formatted to clearly define project status details and all information in the Gantt Charts is aligned with the Gate requirements. Task level information clearly indicates an appropriate level of detail. Chart types are properly created as defined in the Project Schedule Guidelines. Critical Path: MS Project able to calculate critical path based on existing tasks and predecessor structure. Clearly defined and shown using the Level 3 chart format. Gantt Charts content should be To gate Level 2 from Gate 1 through Gate 6 | E15: x | R15: =IF(E15="x",12,IF(F15="x",11,IF(G15="x",10,IF(H15="x",9,IF(I15="x",8,IF(J15="x",7,IF(K15="x",6,IF(L15="x",5,IF(M15="x",4,IF(N15="x",3,IF(O15="x",2,IF(P15="x",1,IF(Q15="x",0,""))))))))))))) -> 12
A16: Project Summary | B16: =Data!A69 -> 11.1 | C16: =Data!B69 -> Project Results | D16: =Data!C69 -> RE-visit Problem Statement and describe team efforts to resolve primary issues, results of build and testing efforts, critical techniques used, and critical data results and analysis conclusions | E16: x | R16: =IF(E16="x",12,IF(F16="x",11,IF(G16="x",10,IF(H16="x",9,IF(I16="x",8,IF(J16="x",7,IF(K16="x",6,IF(L16="x",5,IF(M16="x",4,IF(N16="x",3,IF(O16="x",2,IF(P16="x",1,IF(Q16="x",0,""))))))))))))) -> 12 | S16: 1 | T16: =AVERAGE(R16:R18)*S16 -> 12
B17: =Data!A70 -> 11.2 | C17: =Data!B70 -> Lessons Learned | D17: =Data!C70 -> List most important lessons learned by sharing experiences of how new and improved techniques or processes were developed and how they were instrumental in achieving your design requirements. | E17: X | R17: =IF(E17="x",12,IF(F17="x",11,IF(G17="x",10,IF(H17="x",9,IF(I17="x",8,IF(J17="x",7,IF(K17="x",6,IF(L17="x",5,IF(M17="x",4,IF(N17="x",3,IF(O17="x",2,IF(P17="x",1,IF(Q17="x",0,""))))))))))))) -> 12
B18: =Data!A71 -> 11.3 | C18: =Data!B71 -> Recommendations | D18: =Data!C71 -> Describe all team recommendations with enough detail to best direct your client to initiate future action within their company. Create a table or bullet list summarizing the details of each recommendation. | E18: x | R18: =IF(E18="x",12,IF(F18="x",11,IF(G18="x",10,IF(H18="x",9,IF(I18="x",8,IF(J18="x",7,IF(K18="x",6,IF(L18="x",5,IF(M18="x",4,IF(N18="x",3,IF(O18="x",2,IF(P18="x",1,IF(Q18="x",0,""))))))))))))) -> 12
B19: =Data!A73 -> NA | C19: =Data!B73 -> Project overall results | D19: =Data!C73 -> Has the final product been tested and proven to meet every requirement as outlined in the requirements matrix? | E19: X | R19: =IF(E19="x",12,IF(F19="x",11,IF(G19="x",10,IF(H19="x",9,IF(I19="x",8,IF(J19="x",7,IF(K19="x",6,IF(L19="x",5,IF(M19="x",4,IF(N19="x",3,IF(O19="x",2,IF(P19="x",1,IF(Q19="x",0,""))))))))))))) -> 12 | S19: 1 | T19: =S19*R19 -> 12
A20: Report Quality | C20: =Data!B7 -> Formatting and References | D20: =Data!C7 -> Uses IEEE format to develop the Title Page, Table of Contents, Appendix, and Work Cited sections of this report. | E20: x | R20: =IF(E20="x",12,IF(F20="x",11,IF(G20="x",10,IF(H20="x",9,IF(I20="x",8,IF(J20="x",7,IF(K20="x",6,IF(L20="x",5,IF(M20="x",4,IF(N20="x",3,IF(O20="x",2,IF(P20="x",1,IF(Q20="x",0,""))))))))))))) -> 12 | S20: 1 | T20: =AVERAGE(R20:R22)*S20 -> 12
C21: =Data!B8 -> Text | D21: =Data!C8 -> Free of spelling and grammatical errors, text flows with contiguous threads, consistent format, use of 3rd person perspective, non-repeating ideas or information. | E21: x | R21: =IF(E21="x",12,IF(F21="x",11,IF(G21="x",10,IF(H21="x",9,IF(I21="x",8,IF(J21="x",7,IF(K21="x",6,IF(L21="x",5,IF(M21="x",4,IF(N21="x",3,IF(O21="x",2,IF(P21="x",1,IF(Q21="x",0,""))))))))))))) -> 12
C22: =Data!B9 -> Visual Aids | D22: =Data!C9 -> Visual aids (all figures including hand sketches, photos, charts, etc. and tables) are clear and readable and of professional quality. Graphic aspects labeled and linked to text to transmit critical information, units/scaling clear. Proper IEEE style utilized. | E22: x | R22: =IF(E22="x",12,IF(F22="x",11,IF(G22="x",10,IF(H22="x",9,IF(I22="x",8,IF(J22="x",7,IF(K22="x",6,IF(L22="x",5,IF(M22="x",4,IF(N22="x",3,IF(O22="x",2,IF(P22="x",1,IF(Q22="x",0,""))))))))))))) -> 12
B23: =Data!A79 -> A5 | C23: =Data!B79 -> Mechanical Drawings | D23: =Data!C79 -> Provides a full engineering mechanical description and documentation for the project design in sufficient detail that the design could be manufactured/produced/assembled. | E23: x | R23: =IF(E23="x",12,IF(F23="x",11,IF(G23="x",10,IF(H23="x",9,IF(I23="x",8,IF(J23="x",7,IF(K23="x",6,IF(L23="x",5,IF(M23="x",4,IF(N23="x",3,IF(O23="x",2,IF(P23="x",1,IF(Q23="x",0,""))))))))))))) -> 12 | S23: 1 | T23: =AVERAGE(R23:R28)*S23 -> 12
B24: =Data!A80 -> A6 | C24: =Data!B80 -> Electrical Drawings | D24: =Data!C80 -> Provides a full engineering electrical description and documentation for the project design in sufficient detail that the design could be manufactured/produced/assembled. | E24: x | R24: 12
B25: =Data!A81 -> A7 | C25: =Data!B81 -> Software and Programming Files | D25: =Data!C81 -> Provides a full engineering software description and documentation for the project design in sufficient detail that the program can be reproduced. | E25: x | R25: =IF(E25="x",12,IF(F25="x",11,IF(G25="x",10,IF(H25="x",9,IF(I25="x",8,IF(J25="x",7,IF(K25="x",6,IF(L25="x",5,IF(M25="x",4,IF(N25="x",3,IF(O25="x",2,IF(P25="x",1,IF(Q25="x",0,""))))))))))))) -> 12
B26: =Data!A83 -> A9 | C26: =Data!B83 -> Failure Modes and Effects Analysis (FMEA) | D26: =Data!C83 -> Attach the FMEA in the Appendix | E26: x | R26: =IF(E26="x",12,IF(F26="x",11,IF(G26="x",10,IF(H26="x",9,IF(I26="x",8,IF(J26="x",7,IF(K26="x",6,IF(L26="x",5,IF(M26="x",4,IF(N26="x",3,IF(O26="x",2,IF(P26="x",1,IF(Q26="x",0,""))))))))))))) -> 12
B27: =Data!A84 -> A10 | C27: =Data!B84 -> Parts Requisition Forms | D27: =Data!C84 -> Contains copies of all parts requisition form submitted
B28: =Data!A85 -> A11 | C28: =Data!B85 -> Team Member Contact Information | D28: =Data!C85 -> Create a bullet list or table of all the team members contact information. Include name, professional contact information, and an email address that will be valid after the class is complete. | E28: x | R28: =IF(E28="x",12,IF(F28="x",11,IF(G28="x",10,IF(H28="x",9,IF(I28="x",8,IF(J28="x",7,IF(K28="x",6,IF(L28="x",5,IF(M28="x",4,IF(N28="x",3,IF(O28="x",2,IF(P28="x",1,IF(Q28="x",0,""))))))))))))) -> 12
A29: Comments | R29: Total Points | T29: =SUM(T4:T28) -> 96
R30: Points Available | T30: 96
R31: Grade % | T31: =T29/T30 -> 1

Sheet Tech Expo
A2: Gate 6 Tech Expo
A3: Category | B3: Title | C3: Requirements (Additional information provided in Guidelines_Report.doc) | D3: Meets Expectations (24) | E3: (22) | F3: (20) | G3: (18) | H3: (16) | I3: (14) | J3: (12) | K3: (10) | L3: (8) | M3: (6) | N3: (4) | O3: (2) | P3: No Evidence (0) | Q3: Score (0-24)
A4: Participation | B4: =Data!B18 -> Participation | C4: =Data!C18 -> All team members are required to attend and participate in the Tech Expo. | D4: x | Q4: =IF(D4="x",24,IF(E4="x",22,IF(F4="x",20,IF(G4="x",18,IF(H4="x",16,IF(I4="x",14,IF(J4="x",12,IF(K4="x",10,IF(L4="x",8,IF(M4="x",6,IF(N4="x",4,IF(O4="x",2,IF(P4="x",0,""))))))))))))) -> 24
A5: Presentation | B5: =Data!B19 -> Poster and Demo Materials | C5: =Data!C19 -> All demonstration materials are prepared and organized professionally. Poster outline, figures, and tables in engineering format, free of spelling and grammatical errors, data is well-organized and defined in tabular or graphical form. Annotations are used to describe key points in the figures. | D5: x | Q5: =IF(D5="x",24,IF(E5="x",22,IF(F5="x",20,IF(G5="x",18,IF(H5="x",16,IF(I5="x",14,IF(J5="x",12,IF(K5="x",10,IF(L5="x",8,IF(M5="x",6,IF(N5="x",4,IF(O5="x",2,IF(P5="x",0,""))))))))))))) -> 24
A6: Virtual Meeting | B6: =Data!B20 -> Online Presence | C6: =Data!C20 -> Each team has created an online Microsoft Team meeting for online visitors to attend the Tech Expo. At least one team member is attentive online. | D6: x | Q6: =IF(D6="x",24,IF(E6="x",22,IF(F6="x",20,IF(G6="x",18,IF(H6="x",16,IF(I6="x",14,IF(J6="x",12,IF(K6="x",10,IF(L6="x",8,IF(M6="x",6,IF(N6="x",4,IF(O6="x",2,IF(P6="x",0,""))))))))))))) -> 24
N7: Total Points | Q7: =SUM(Q4:Q6) -> 72
N8: Points Available | Q8: 72
N9: Grade % | Q9: =Q7/Q8 -> 1

Sheet Data
A4: Section | B4: Title | C4: Text
A5: i | B5: Cover Page and Table of Contents | C5: Professional representation of the project. Gate Report sections listed (e.g., body, references, and appendices) with correct page numbers. Updated and/or impacted sections highlighted in red.
A6: ii | B6: Executive Summary | C6: Concise summary of the current accomplishments and the future expectations for the next Gate Report. Updated at every Gate Report.
B7: Formatting and References | C7: Uses IEEE format to develop the Title Page, Table of Contents, Appendix, and Work Cited sections of this report.
B8: Text | C8: Free of spelling and grammatical errors, text flows with contiguous threads, consistent format, use of 3rd person perspective, non-repeating ideas or information.
B9: Visual Aids | C9: Visual aids (all figures including hand sketches, photos, charts, etc. and tables) are clear and readable and of professional quality. Graphic aspects labeled and linked to text to transmit critical information, units/scaling clear. Proper IEEE style utilized.
B10: Introduction | C10: Presentation Title (closely matches project name), Outline (follows Rubric), Team Members (photo, name, academic major, team role) Concise overview of project.
B11: Oral Presentation Skill | C11: Clear enunciation when discussing engineering design. All members are participating. Smooth transitions between topics and presenters.
B12: Audio / Visual Quality of Presentation | C12: Figures and tables in engineering format, free of spelling and grammatical errors, data presented is well-organized and defined in tabular or graphical form. Annotations are used to describe key points of photos and graphics. All slides are labeled with page numbers and consistent formatting between slides. Audio quality good no background noise or distractions.
B13: References | C13: References (in-text and bibliography) properly cited in IEEE style. Proper use of the Zotero citation management tool
B14: Demo Video | C14: Video uploaded into the proper location(s)
B15: Update Gate Report | C15: Update Gate Report based upon feedback from previous Gate.
B16: Comparison of results | C16: Compare your experimental results to the theory. Describe the mathematical model(s) used to predict product performance (e.g., FEA, Electrical simulations, Mechanical analysis). Describe the experiments and measurements that support the design methodology.
B17: Design suggestions | C17: Describe the lessons learned during your project. Offer insight on potential areas for improvement and/or future work that can be dedicated to this project.
B18: Participation | C18: All team members are required to attend and participate in the Tech Expo.
... B21: Design Evolution | C21: Presents the evolution of your design by illustrating the developments made throughout the exploratory/conceptual/down-selection design phases. Points out the strengths and weaknesses of each design. Provides evidence to validate the concept selection.
A23: 1.1 | B23: Problem Description | C23: Includes context to the problem, reason for the problem, need for this project, defines who is impacted by the problem (customer / market) and how.
A24: 1.2 | B24: Problem Statement | C24: Describes the problem in technical detail and Quantifies the impact on the customer/market. Introduce critical performance metrics. Defines the end-user population (e.g., person, environment, or organization).
A25: 1.3 | B25: Scope of Work | C25: Describes the approach to solve this problem, the projected timeline plan, and the assumptions, limitations, and constraints of the project. Describes the services and/or materials to be obtained from the client.
A26: 1.4 | B26: Deliverables | C26: Defines the final product to be delivered at the end of the project. Defines milestones that progress toward the completion of the final product. Deliverables include a completed prototype, all spare parts, design and technical documentation, and test results. The information is specific to the project, and not described as general project deliverables.
A28: 2.1 | B28: Review of the Problem Area | C28: Summarizes and synthesizes existing research to support the claims of the problem. Information gathered is technically sound and adequate, e.g., summarizes benchmarked prototypes, patents, research publications, etc. Properly cited work using IEEE style. Includes visual aids (e.g., figures, tables) and technical details to introduce the various claims and approaches published in literature.
A29: 2.2 | B29: Review of State-of-the-Art | C29: Introduces relevant products and technologies that exist in research or the market. Introduces appropriate metrics to describe the State-of-Art performance.
A31: 3.1 | B31: Requirements Matrix | C31: Translates the client's needs into engineering statements using relevant metrics of performance (one, unambiguous and measurable value). Describes the relationships between these statements. Has received Client approval.
A32: 3.2 | B32: Exploratory Concepts | C32: Presents (at least) three exploratory designs that can potentially meet the design requirements. Provides evidence to substantiate the validity of the designs. Points out the strengths and weaknesses of each design. Includes sketches and/or models to demonstrate the completeness of the exploratory designs.
A33: 3.3 | B33: Resource Requirements | C33: Expected resource needs to support the project are clearly defined. Status and timeline of any on-going Investigations into resource availabilities is well defined.
A35: 4.1 | B35: Member Bios, Team Member Roles | C35: Table includes students' image, name, degree(s), and assigned role(s).
A36: 4.2 | B36: Team Charter | C36: Expectations listed for each team member, faculty mentor and customer mentor.
A38: 5.1 | B38: System Decomposition | C38: Decompose the complexity of the system/problem by describing its constituent components. Break down the complex system/problem into smaller, more manageable parts by building a hierarchical representation of critical subsystems. Depending on the system, you may consider developing a functional decomposition, assembly decomposition, or service-based decomposition.
... A67: 10.3 | B67: MS Teams File Documentation | C67: Certification table filled in and signed by the responsible team member.
A69: 11.1 | B69: Project Results | C69: RE-visit Problem Statement and describe team efforts to resolve primary issues, results of build and testing efforts, critical techniques used, and critical data results and analysis conclusions | F69: Team Meeting Notes
A70: 11.2 | B70: Lessons Learned | C70: List most important lessons learned by sharing experiences of how new and improved techniques or processes were developed and how they were instrumental in achieving your design requirements.
A71: 11.3 | B71: Recommendations | C71: Describe all team recommendations with enough detail to best direct your client to initiate future action within their company. Create a table or bullet list summarizing the details of each recommendation.
A73: NA | B73: Project overall results | C73: Has the final product been tested and proven to meet every requirement as outlined in the requirements matrix?
A75: A1 | B75: Communication Plan | C75: Communication Plan template fully filled in. Communication channels appear appropriate for the current team progress and level of communication occurring. Clearly defined descriptions of all portions of the plan.
A76: A2 | B76: Team Member Bios | C76: Describes each member's motivation to participate and succeed in this project.
A77: A3 | B77: Down Selection Process | C77: Copy of calculation results for each down selection analysis completed.
A78: A4 | B78: Team Meeting Notes | C78: Contains invitees, attendees, agenda, meeting notes, and task assignment with team member responsibilities clearly labeled.
A79: A5 | B79: Mechanical Drawings | C79: Provides a full engineering mechanical description and documentation for the project design in sufficient detail that the design could be manufactured/produced/assembled.
A80: A6 | B80: Electrical Drawings | C80: Provides a full engineering electrical description and documentation for the project design in sufficient detail that the design could be manufactured/produced/assembled.
A81: A7 | B81: Software and Programming Files | C81: Provides a full engineering software description and documentation for the project design in sufficient detail that the program can be reproduced.
A82: A8 | B82: Technical Data Sheets | C82: All manufacturers' data sheets attached.
A83: A9 | B83: Failure Modes and Effects Analysis (FMEA) | C83: Attach the FMEA in the Appendix
A84: A10 | B84: Parts Requisition Forms | C84: Contains copies of all parts requisition form submitted
A85: A11 | B85: Team Member Contact Information | C85: Create a bullet list or table of all the team members contact information. Include name, professional contact information, and an email address that will be valid after the class is complete.
